排序,标题,热度,链接
1.,扎根中国大地赓续中华文脉厚植学术根基,,/l?e=ba795hjSsK7IxLY2MbEucd5%2FNz6wlVtj3gWLdFhnrbuhNoyUBgt9zQ%2F1M7ZuEXCB1licHXsoVCIIvyTXq5iNY%2Fy1XHrhn%2F8H9FU31UvPQo9YI%2B80Xy5HtVOL5oVi1h1LD5hXlqaaNeeREu45vq2pHK0YHNlDTlOdBg1LcEmMAg1C0%2Be9XUKaQJhfsWFN9Sxk5xg9ntauUoomkyjXqHylXNAU0no04ycTihPFR8Ydu%2BNW6McVz4NuRilar5ZVyCPcifURD3MdlXz0r%2FtpaXn7%2B%2Fh08BfNderlUrEf2NpU991AjQdblWuZjuSVjkCm%2BUrX2gONRdo3qpq%2B8eA8qt1ihKlM48Q3SlpyY2fw57KDtM99KYxiCQQOpnDndJE6KXpXdVj2jX6CAPeP%2BM0FzQkcA12qpe7bXb%2FgAc5WrZ1Z7wKFccpag%2B%2FoaLbqmk2VZaxYanSPuKQHvKCF8%2B9xyln5HPmwEzR%2FSN0CvoJ9gov1pS%2B6QZk
2.,外交部回应优衣库不用新疆棉,299.0万,/l?e=d182DerHuCF%2FIt3I2MkGNSi3EaZgVbe2tse6G3gGG8GatCoJCfXmqQn8w6GjCmAZumGNrv5a4juAnr%2BWgkOL1dyY%2BR%2FL2d8mE4dWFDe%2FM50h9zq6v2CalWOxfIjZFbh1G7q8KwOJwKTaqWH6%2FXg5dZ4H1zro70o67NqeBZis%2BCZY3npyjjAbfvh%2B2qQsL720O9wLg3VUaHG2FkpO4%2FnpP8lVHwLTrHJXd6aDiMjD2bdtXds7L2A8kaXlP8aliRaqsQ3pWvNfhrTokNys0zgZiI6iJ0Du4cLa8m0pIps%2Bj7bidhFcZzL4jrEHYseqIDeQJfp8L644BajAeMPdOWV2GMMQHwqBnyVF0uHGpW9JcSDjHEzxK0ZlYwsTSiUKRwCN6riD%2FsV7nwA
3.,春晚官博回复檀健次春晚相关,晚会 888700,/l?e=9af7wWBvmDllxoJJ9ckUMpQ%2FYIl%2FXyXybGEqknJyUmKBiTFZkvIFqCnGbNjQluIOF79AiftcVkC6gUMkB6Jam7t7xFNk3Ui%2BNRXdmu7A%2FR72xJ3DcX7VdmUznXcxsP0yhNaDm04eAt1BmriZeM%2FqVVd1xou88J97nV3L7qjQ56QtzHFvgS%2B2sL5Z2iNycKmlLcMuCDd8jDILT07h3AB1Weu%2FF8oU0Mqo%2FPlzpZia4t6JA6UraKasJnPuXdRny8cE9XopNSxd15KEwLoHzwvaV7bNLv1MP4w0zyVA6BpV5CglE3bCLBTAcbz6iYFfq6s9SZ63GC6zOGtHBKcix5Zzp9AvkOQsKTmxBvVhSDdT1ibOCh7w4SJiilpl2vm4wpN9eAYZmj9sYXM
4.,43位志愿军烈士遗骸今日安葬,81.3万,/l?e=c0810ebtAhCBxv2YLzBWGr2TiqpD%2BNWEvkw0lHMM%2BOBLMAWWxFzSp9K%2B6BB6tfaMewa6w41%2Bcaq%2BIJlBssANmMD9hbMDVKxXnJ34XIofWP38ora8ChUwt6hInXm0x1wx4vbewbFFa6y%2B%2F%2Bl5kh%2F7vBNJ898JcQt58SKFHeW7sOGORWo2FA90PuR0mSrEjnszTirdWiG8pV7ah%2BBLRGUmnnDE4AC4cbYui%2BR6%2Btf3eRvkoNXAqUFPJRQwZTckoiM6mgEKORcebIsc6k1jd0NW7LEnjGigkuufkO%2F7lFn2jCdB3SVQCxAvnosKtpasurWWZFsO5ky6wSIDhhvkZw6UHRAgIpuigMCo6BpC40XHT513nZX8Fvz5wAT3rA
5.,韩安冉称do脸模板是赵露思,76.2万,/l?e=e7f1HFqBzmv0GfUziD6fWd7j6Lmzi1%2FI0usUUehLJR40i38nLp11HeLGQCsYwZkHKpZ1PEzOQL2d%2B0PIX0cSzpJQVTw4ey9wxNMGPXaWeqSMTYHXRW1fmUBGkhAOlLZgipgWWaMoKeigxdrP13n4n%2B3x1qn1PRgVh3Z7JG3qs1%2FFLOQ9yWETckUYM9F%2FbXPXClDCp12PObKlQMuJqgSzIUbBlRrdEA7LBQYos3ihxUva5biPvGmx9X6lLY3XsXNGF0sj8Hmi5Vjp22M7WXF8F3c3cGCCohVE2fQRCCBqmUopk4xRvxx0%2FcLeE2SFxDSMge5m8CsV1wNNes%2BYqQ%2Bkilpt0%2BnQBDJBzclFGQ
6.,巴黎世家售出8天后要顾客补1147元,66.9万,/l?e=3cb1a%2F0wiP9XmVF8ipqNRlCYGa6zSRELg%2BVgixYMfi1LxghQcMT1MFAZIMAAqm0D2GjJuR9KXKzaPE869AwH54Z89Tkh8nkIeVlSbxui9D9VMcw%2B0xj6OhTykH%2FycbFdPujfhjLskS6dYQZ1pQi3ZLNRmEalsV%2F6j4DJXImXd0eifb8zv%2B%2FkvZW7YpCeMrSFqlf3rMKvUtgYEzXtAuYoWzI30XO68E200CFPgIZwQSipAoQlJKQnN3pUsGiQ8BJ6mmz%2BYRchgd%2BQlKEv36Stdf68q2KO0Jf02TaFHmpkOwMgJJ47jhlGrx3%2B6Zzlw22ZnONsM625021nye470Ib826p6PaRy2xOuwSbLJAZHtAy5DbuVTb%2FuJ6e%2F8wsfv6pLbfemsbnNj0nKr%2FRr6w
7.,印政府还在用被封杀4年的中国APP,41.4万,/l?e=33a075rCvCoXsC9AwGsTVKk1K7d3vzNVGPIHMoY0P0j5qxDSDfXmvEg4b0oUebugr7ZgX63aWWuv1uh%2BLXqHpMuGIta697jt19GO2O0VQlDpLqIAhiHtZvnPygNpkP53l8pOY%2Bgj5ZYGkG%2BlpanW9u5ILZFNCN4EanHRmr7DrQbJdUY4LFJjyEO%2BgZIjx1k9NO5uf75nPEPsIYCeiB5JrmEruqtJhb3iVuXuGTgauR6T2%2BNmfLznyN2CbbV7et7PYGxLHW1ni%2FERRLHHu%2B9ZV%2BX%2BXlSjYn2xHEQde6Cs11XsRDwyHx1MHT1RgMWRTxk6Vx8aanbEW1IASGRyX5AOWsj%2FULToeeYPMCiWU5YJ%2BE5oFdEi66Ge1EghmoZyMpzhSGCrG%2B%2FT9QUClW%2BC
8.,星动剪刀手养成日记,,/l?e=9d01JqgopkpqJ3Dq9K0se0U1B9vhxcEVK6f%2BxSyJA7cTBTlz857Q0007YzMuScyp640oYvhwZJjKLQUASDrFvfwfPm7Vl78zn3R0ycNH34%2FAIPYAZ0vaV6RefOHuX9xaDdloEh8pWOIn8XFBk3eebx7gs%2FXENdzy%2BbBPegTr6nkNZ5Xme0%2Fya%2B6BUtm8eJwV%2F5BYRxoAt6%2FueXbjOag5os%2BW8qYTU7VwGWx267Z2GpOBcq8xu3%2FE22jn%2FchSBAuC3wE1NiF06iE9%2F%2BgMCIHXbYT37LJG1luBJysgSlSFZm21r6jbOVO%2FHHJnpbU
9.,鹿晗回应喝多了,41.3万,/l?e=d7cf736EhSK6hWTP3jxaFW9rd5s%2Fom8c3qVYgQA9IJPXY0FmawdqCbudKO3u2La%2BivE1uRrrYmC7DqqbJpc9gzxMwF%2FCPTDe3P935ASMYtTv8JhiMs6HdF81tq%2FbqY5hIiZ4Hg5DkPUnFZQz2ofIifsfJexJKFSnLvmMdVX%2BRo9nTzt5UF9YG%2FHvFqxaWXsR45e41hPK90sxYyGrTcnw5oC%2BqXy6m4Jqs%2BRQa%2BWfJTQO1DLjiAnfj%2FdafB28QYDG%2BGF56MKj0N4CsZ%2FajHs
10.,蛇年春晚标识有什么寓意,综艺 411590,/l?e=6c58pBp3YFf3EzLFIZGrMwP9rkgRuYPNcV0hwjhtt4eITOBhKrRef3UXwsPeWNjMNE7lLxuo2DK0KGPLmtoYPxnKENUOX61HGQWSnSUa04kSJ3%2F18wQNwyemWy%2B7cmwFvcSwXWiKi8T6Qx9l9abnljE%2B9GQbS1t2BonW2Wn86rmeTI8z2XpOvh4pDGzeYEYmkj2C1F2sGrn0w05DxaSlRwdzhjL7VFxYSUjWy8vF8s0YOJWvm1sEI7gPpgNLvxNsRh7HQiy22ti6QLBeh5jR5lXVi4rQDTETBJR6YwStE7fZTw5esmXjs6u9kku%2BMjz7%2FYIoWaYE4MTJLHK0vT8W6vY%2B%2BziGox1yRdk
11.,A股三大指数11月收红,40.9万,/l?e=f1b3CMt%2BI8q3rwPYjlaKfLDqxxIr4nP7iSgDlGfNGkfl0Oppt9chEp9MLEXeSCPyhC8l2rpMK6CxcGlfUkeajM5VtO8P9QgWfwCKu4bbRtdQsPprp0GXWN37f1I83%2BV5DtKGbjbBK8riT7WerskUoSuizzvBYAcb68VRf7DeTM6yybPq8TgmD68WU6sDNs6ff8yz9k8TPt4TC2xEF1KFXPkRTx8a%2FrQSOvkeuuSen27OD%2Bwz%2FLMcY0fxQLSS8TRPaGxjrvdNiHqHpPD9%2F3%2B7AhDrdFfJsldw5ak6SNRLWpI
12.,韩国人的精致穷,40.6万,/l?e=99a35QRCQEkNLNsSzQs2eSj1LYnUg97qpxUABD8L3eZ9S9mSMF4zTVo%2BWEsGxD2v1Ufu8L7DQ8RatQjrbq4IBJmnXGMOlGwPJJfn22AuZzWUoGgDYQKCTKeQhHWJ1afcqY%2FEztQhmvZCtSPDj%2BnwR4w4QDgd7OZMkVes4XAPuMHbM0XCYbUmfK%2BB63pH1fyrDe3WlsNPRzzbpkAcGz0l6oUEY2Yy%2BNmRqOyvOqca%2FsxuFiw%2FqyAJ1gmdj%2FD9uwu7Bbj80RuT%2FDajoYHvtN8
13.,17名男女KTV聚众吸毒被一锅端,39.7万,/l?e=e25d4s7XCXjrNjzrgS71LaEO8SJElFgotnEXnyzKqCmebB6OXhjM0o3KB3akRgi0DxNTsBvk1uAWNBBzbxIjcyzVdgBOZN8pB%2F4AImXBQz45YaQ6NnUhTBYUxn%2FeNEqnvEZD%2F1EsfpyPTx6W8Th1mpMq4wIffO%2F1S%2BM%2BAsjMTIikKLRsPEfvPViQiETL1EBeHg%2FKD60yPkDxlYzlpoOxqlmRnaO8upMPLMLcwh%2F1Z%2Bi2Vsbml7zw7kARFX7W546O%2FegwyQJ5JFlS3Vgn3alsbCcNRwMYlWg8dagoGIWOyApyEEMvXI%2FJ9Bn4Bq4Mtt9FtULrD2ZIj%2B4s2f1JBLqxxOtcZstDJDZpyGLCOpvLtA
14.,鹿晗好拽,37.6万,/l?e=d321%2FLr3H6SCG%2Bitl7InEobhlLFW%2BYw5IqodOkU%2Fn2p8I5v2IztuZRoDP8WYrMhFWSPNn3D21rpAfUrt6bsu76Z8bXMM4wIqEV3Pn3sTtChGc1U3hPR1jcCy54PSHlT5ndn%2Fqs0wujoBPM6wWqFlLKj4q%2Fnw4hcmZI9XE3TxyLxFe97KrYHkTp42xVmwL2Koxle2RUrhbLAc8LsnJn9rcmU
15.,再见爱人4第七期视频没了,综艺 334653,/l?e=9fe6bG47LmeyqUezIk%2BnDBrlPJNs5PV13drHNO7OJYZtUJeG0vGGp%2Bd6GQsj4V9CplyMdjQ6l70urft6hGIFTOBci3aXJiNjw7D82mCRXjtENMYatcOcinfbkpdoGCpGP3vPzsll1nv%2FZS1UphAfIRCuowarS8TVfqs7G5udRPHsebvgD8YKXwxoELTi%2BO1Xp9ibv7biTO75FQ2pSAcgqxV%2FTTyMeiVsx8O%2F4Mi33guARlQXMwfho0z%2B2D78nNo%2FTDi40XWjvhQ1BIY%2FnHKsnH6hHC30olm%2BHzU3yKchA%2F7ut2GJR8sEpNYB9ohQbybYsn8WHz6yDAK3s6Z2ckItpyRMFSgjxg6O%2B2fq
16.,导致胃癌的6个高危因素,33.2万,/l?e=b340nV29GY3IeJYc6v2xOJNgT4XXMkqrqgubsnzl3jTE4awy%2Bw1mlYaM36tIcdDkSXXwwjSEODbKHnCOndG4w1Hl7AAdO0SgvmPzxDDAiDguknAqPa05KEKTdUsv1At4IBSmka6%2F92QmEaWcZNkSpupLJXDLxd%2Fp995bJbGxHJSYmfgX9kH%2BI37UbCLA9yJ0Z1HT%2BWD6KM1XFAYW9U1kR8cQ3rOyM4b45WEMR13fWDH16c2lkdAsHILD%2FmDh%2F%2FnLEMVZeGXEePvFnQZL8ybtJF7vECN7lCZr669J7DIhIUmEPFCzm%2BJ8quLD6OIE0MxMgaR%2BIc10cOWYuwT8
17.,黄雅琼回应郑思维退出国际赛场,30.2万,/l?e=52abOKU6mo2CTYELGnFXRDV9UJ2Nlh217rbSpHRrqVHBNEVbXUxk5jIluDgHepkMPLaJ53w1uTWzZ3ObAOyd5hSRRcqeaH1HWuu9g%2BVgdHHeBbloqArE5J0zKgQXUhFcWb7fzGmyGKTUXuEOmTnPrqIhcVJp59j2iAfGp3CSaMTahFstNmK7HjYM0nCdUOq1LW%2FULhRu2umRBdrrGb9tPxt5cnzMfjbOjHIYOZkKex36EwS%2Fj4T3%2BahNKyB4VBQUk4VhA9ehHFvMNQznlIdgm7gwlzjco1%2BXbEne4DRvGvIhaSZs148Sy%2FwMMbPCKglAJ9Qyk0IZrbmdBN0WLefwPqs%2FpDjUo%2FBMfr%2F62tCe1XfUbQ57wqldRhAhq6cFhntakHE4DwyVPEykOMgdMFksL2seWXTegAM
18.,美国女子抱婴儿袭警母女都被射杀,23.6万,/l?e=08f3yevfGlqxl7BG1%2B%2BbA6EUO88Wh68PIqTRS53mcFyv93gGD9u5Lu03nt21V%2FuFPU3oDNhHFhcxx2UIuDpBJEvZCmWyl8JUDksevlGIwi3%2FQyGl2AkCiemZ7yyKmhwQUE5ZNYAKjtEDdZVtKRk3C%2F3pF1cJUYlDoRlGNgfXz5K59IbYkxfM2ymLIIxUKhyu1%2BPD4t65jCpmNNOawChzmzgwD%2FIET4pBYa5Jz44BLzW79vCpCtzcKAn%2BMU%2FrBXDAl3io5HI0%2FozAiIDkE7iNOZHCMuUsYnhwWFFBKCApOOp2MTe1UoEKwK4cWEFttB1wUg9fud68RH0GNVM%2FdkaWURwDdjCCRlnHPNBrEksLI8tMOZ0tyY4QR77M2LjYB%2F6m%2B7vGzbv3yvT9h%2Fpxb5ocM8ynoE9QGXhmK56nyfUldq0MlOBF85g
19.,官方公布冷藏车厢内8人窒息死亡详情,23.2万,/l?e=aademiSGXGSFDOeRZRTa%2FpfzFfp2LRpFCmL%2BDMyXvuLikjVPRBsdRMMxJyYQs1IxCkGkeDA9fdN7rcIAxK1OvYbgVidfiM69SbTa%2FKcuMiYg8oGdl7S8NtZcY0tqNLxLGgN%2BgRK4XboZWONQs2iBb5%2B02nIBws38NrqcyNkZaM0smOGawlJmWrRjzp6AWULrat%2Bdn4hnPTXbrLOk%2FmcYXhMI9LejmITYw4AN4N9ij7QpK6HHyittf1%2BiS%2BeDkTrLvRzbDEitNJqjwn30Gpzbn5av6ZHZ5pudvhYSyUFwCk7QPK6%2F5ipoaktg8kLPaNsWQjUiqNXnYdCQTo9y9qGmHEJWWX%2BS6Kd2lGUBzlysbFROuPfKA18iz5M9kKa8eFwSmbdCPSauRJmnGAEqm%2Fe1UFGLnQkBOHETy5bvQ9mvccNefCfl%2F4KjusW2IpQLADJ5Iume5MGs
20.,蛇年春晚看九命相柳,晚会 229738,/l?e=a39aaxtRwhZYGIyj7ceyNNbiapfrXpH1ziOdOFumjS1bgP9LsO7JZskAe0csqVqfYFdaEuLlfnN9mcIHZpPZOGFWvz9B9qffnmgdXfjaSNFJIkf%2Bv5M3vDKFUXun7AtqBBSR3mVcznctBdfh24sdHDcgMO%2FeIadGyDw8eBACTzSCJIEpWQUcSCbSP2DOiRgTirvwdraXVV9xHVQuBFXyITFpugGE4oAw5EJPwjdt0phwanefvm%2Bzs68NzaODy%2BxTZ0K4XDiL39ASfRidIg5gHBgbm1dNOvQ6JZSQmqF2xo3YdvUDfANDmrXj6%2Fc
21.,张婧仪眉骨阴影,22.3万,/l?e=c5e1v8jS%2BvjknEOKZgNOe%2FyPOFL0rar5t%2BsbyhCyE8aV469Y%2F4GQvqzHMZt6%2BFeEeBZogkLDCZDZnmICCxbjcTnxLSzlsmHBiTlYWaRMeBwFQ1zfGN3aJ5MItf81ganBv8V8BivCeibwMbGV4%2BmxSzcXvh1XARJcLymkDU26c7VQJrEwsX1hE8Dltzefl1Ah6jAUYcs9gPeFLFaUXuRuL04tiD%2BQLMhBKICcpzdYfZbPGIQCP4uvdRUS7PEsrRbZ5mB1Fp%2BStzcqOq0tiuA
22.,打游戏一直稳是什么体验,22.1万,/l?e=071eUEyiA4rf5v9HRrcL%2BufPwRSZHFw%2BpuOMp2%2BTj764gKp9MH7o6SyUkDy4NI%2BBtkIem1K1kjfx9l5t8tymSByJR8joykJmRbTI1djt63%2FjkMV27rYkGTLjdNar5jNF30keq57h4S4lXDhvujEVFchldZKFu%2FPdTGhqb5AxxeQdFauIwYCbBp68HJirjiTnoaU2S%2Bz8U0v%2BRcZeh781v8hvTpG%2FNxodywTvFSmtnBAgjH1HiKilWkO0ytzg0S4BJiBQ0X9mqE7y1rsEnM327GBaNjSH06ezIbolY6JD8TVUWXWt8XOjgJP30MVpbRWA9zkfqdT09FjeX7VVv8Rx9fGpmNaMSEhFko4
23.,中国游客在马尔代夫潜水遭鲨鱼咬头,21.5万,/l?e=8c25te94agR06Iw1gjaXzkxmnIbOR%2BjzALkSymyOmvNGtFh4V7S%2Bqs9csGwc3Hn%2F2dsoUaJV9pduxEedb%2B%2BvEvqVy%2FHCm0AsSyJ3%2B4ykjH7j7Ux%2BQ7PfJfSWGTIfRuL3SqmCvYH1BQb6hLg7Kc3BHOuurrnzPY6xXTYyZOsJl6DnB03H6%2BSId4aWBV1deFFyoFQ1LTxSe28haf%2FLYeFU28sNUHHUL6VkKMXb6bzjI%2FePhd9PXDyBb49MDpWW4js%2FXE9qZyox33Ky38aEarlE1Y86UelJCnhZ2STaY8vwFuaQ08Z4RtPCYGwaLFBl66YNXJ0jRPkxJHN9E%2FeR%2FFYZ2HH4qNZP0eVmi9RN5GdWh%2BLCHmbkRcJ%2BoSID2nhJUjxSh%2BcirIHtYFVuQkgjVHuEzQ5iG3ipM%2Btw20vAhu0l4TeNmBFLFKlmLEjqqU%2FZUb32TTo1cIs
24.,周密把周芯竹买话筒的钱转给她了,20.9万,/l?e=114fb6rY0QDmB5Rc%2Fxc3UMSaqxlmV7Nw9uT2kBt%2BscjBwdDkwzObKR%2F5QgQTUx7lOG%2BmxzFxRgtn3ySJlQ4oqjD%2FPDWtLCwngje5%2BX%2F5sPGU6qzoYpp5uM3Ii0p0y3o09HavTUBTXG6klbwGeN1J38EUlPkSAn7ufoaco3kYjNDoD1wJcG3BLT5PKU6rik1FvDCYT8Au64BuaAEsyw5of1Hhee0dlb1XEsk259T2XcGoarBo5VxCXrxRyT42EFe4TnvxeX7sfO1SUEUCV%2FUq4jEGv%2Fpy%2FZjFTZb5D4HuxnVGpwDDR4szbfMCTISS61kno8W47Z48LrDeZnr7PlApxvquZGYzO4Mr%2BFXduPsTKNlDwtGZ%2FvOj8qdyC%2FTgXmZeNg3HEqdrDOLGak3qvitwgsLRUvl0MBzuG8FaRMWuxMrHeTGyswM
25.,冯绍峰接想想放学回家,20.8万,/l?e=cb53RqP69EkcpD9QAgzdl2k4XI%2BCysAQpLQ8mTg02ALLYJrBS1Rb8z4dxd%2FT2XYpyH4qJz4BF7VXEd2Vu8GRh5cOahOKf6mNWRXcMNh7kBYZ2btt1wx1m4kmsNp%2BP5WtnUwWG40JxTnkl2VAhC9VmlR9%2FHaqhMnJu%2Faii56fNciFczlMNQDMNHaAAcSNpLsdyQMR%2FiGOuFmKJxBWQsITfptXhzqcsdi4ILnSk7MyzOU48zehUp7qA%2BRZKRVlM4Sw86Lbe5JO%2Fn8eJAajptRR0hLnzDetChH3D2LFYM3%2Ft7dAGVAFhdia11xCRn4tfXyPgkFZ5R%2F9kC1nd3U
26.,林一长沙活动取消,20.1万,/l?e=98856InCIvJALwZxCvTK8Pc%2F88i4CpfpTpYEG9kn5pkucPyPSNr%2FC324AoGaLTPwS2QMrZfxfpb9EJJbjZCYV4VpApo0tVOTd8NQVoByOQUJagHN4QFk3cV8lOFRIyWudAFMVrNplkNR6brG81RsQkFvQ8T1nsgb%2FK%2FHiw4Erp2An1Qfagf2eeN5cxmo%2FpHVUshM%2B4o2n4BFGmwHZH7OzUqhpbC6vb0qmYzbrnWjsZMZvYmGvpQPs5m3S9kiQ6grPN8Q1L5%2BuXoCgHz7zAlPc8PmeqISu6rBgUeeZMs
27.,郑思维回复樊振东祝你我都一樊风顺,19.6万,/l?e=1798ycVFqhTxgTRlSEfF0%2FcgnqLmoKY20urFaW%2FvyrS3m8zKd79w553xTdC3R1AhmsW8o94veMPpc3DJtevtLDtdeUG9YjJJDp7m9elMZbI9fybRaqwEFaH%2FgHEhDzpd0R46tBCvF5flNs7hjVLkMSQmwwsHf3Z0m%2FqhIIwdpFL%2Fpv3%2Byb4mhNUulfNbyLHBThDrIoSApFrcGfK%2Bvbp40pj88pkHgvX9Vss8vRNvgcQKxgC%2FzRr1QCRUDfSpxSOanmZTYh4l45mIavgFqqIrdpcUh9uZ1g2q6YFln5dD3C8N0lUL3WVV661x%2FfFCwcyosYi4eKe3%2FyFfWApf%2BeBQ9q%2BoPGia5aG7dCIqxw60PI%2B%2BZL%2Fy8VpRP5WrDkKnEnlGEvZ5OabPAhVzhsatjtueqCVrCWt8GTWeFELF%2Fk2POtNwcxzgAJubmkh4w2n3wWW0P7ULGBU
28.,安以轩老公被判处13年有期徒刑,19.3万,/l?e=055fTUvmHmhfL8p6Wj%2Bm6d%2FbJelXd9hFd1cTLptfqJRPmusmbmDq%2FvQDR4fnmZZJrSTsvJTpjwab9KZgF%2BEQLPqqOojXbm60ltE3KbjdagCdNpFcULsEK3nmr4JXMDj0q%2BbQlArNNwLHkkb4ejaR1KwslpURtNVsAqjpSj2bBNg9POKhRFYxVm3kLoRJV7aCDmMic8Y9WoWO0INAyy0sOJODp5aTN%2Bw3xinz4xosy2MKq3Gkcv%2FZhFECiMafji%2FPrO03EjB%2FLcan%2BPyGTq%2B%2FHcEkBjGs82GaGq33CI4GH4%2FVs8Cpa4q6oMRFtO9C6PwlchfKl50leYesvTlB3l85tTT4oT3JicylWXLwvgAk2DDvwUYNxhEMDpTFQjY31tQzE%2FwsQDyea1f1SA
29.,女子在中医诊所遭性侵医生被刑拘,18.8万,/l?e=daddU%2FFKKMsrcVqhth5nXOln2LnAEAv4raHHm5wVUqCjhOkkVrf6HsnPtKNVuI1GUVudENWHThj%2BB5jBjUdkj3jieBq4KatRSnNyrDwZAslUfazB0qqvpEmE82rmOwZJM7Px2Bd2oCs6rEdaPouTmKmW%2FHO4UlLVlNVkzHS5%2BZ%2B78wvxPJUiKIraRzrLA29J1DQ1yiwi56Na8%2Bm8rqbiRTKBzhXNowdkxDojCyEBUPhY%2Br6Ph8CmOwz0Vzp8VTkzx4kD421T06G98vFAUSGoZunK0MDJt%2BkAZ1BmFwjdhgYJKP2vHe889NzVi6LEg9eRFH83vS7hotF2j6EYOwXT19vydrQZJC%2BMB0TIard8P6tkdkAo%2B6Yr5kvjnWCaYaDS4%2BVUizGaUSRU8OljylKsv0VVksVIqJkYgWpI2RmGDawqlQwOqL8
30.,蛇年春晚官宣,晚会 175129,/l?e=36b89xweb114%2BoACHqFs2cJtQzfI6pCStMpASZ%2BiBZzUZRMYcVYKfVDHRXzW2gvUmsbnTgBk17f95CMzUX5BcL6n4BAZYfO%2B4gKY0i7ktV90IQDNm7d%2FnKh6kKaKl6%2F7ympFj9iakH2nzdeixP5CT0OodLDrtLBRue%2FBx61C8e%2F%2BzbpPC%2FHuTtlafH3AD%2BoPXDRiNcdnNtsc9U8vR67DkUEKIxfgJr7DjztKltndHzExFSyT4apENdYes%2FKKzrY
31.,郑思维说我在杭州等你,17.4万,/l?e=db7bePl7dmefp1AbgQBnfMU8yOB9Jp%2BBXVV%2FyH1PPRsKej5dDSouuZHRMOCjet2XJ7o2Dca8WDrGMvTVCLViZXuXC8ZWVLsV1XcZf1ybn6lTY9KxojUpKOpUhXkblX3umuFjQzfGSxWmgzRORShA%2BnMLTOZrb7HdT8f5K2bHgU5Teuq4fSjTOLa%2BHiMz72DwzFz3ys1piV8yLQ285o3hxnEYWhbDbMItMq2Wcy%2FdpD8vfcbNxLgbnerMI7TCSh7rY%2Bufm7r8hQK0Alzej%2FTGVIp50nIz%2BIbBWfYuUpuyHO0m%2FiAPFrUEBivrVafKGPTPNGMhHF3rJ33AAsc
32.,王源头像P了个新帽子,17.3万,/l?e=9fbfegQoJW1eF8oJ8i%2BBl5B7X3r0g5y76ufLfOvJwhDL8ckfT%2F6du57hP68yO8IQDerpb8nl8vTKoJL7ySk1xtrZqFeu%2B78OHLRNgU4CvibW6yYeRpW7aHs2OxmG%2Bhhauno7whhnNkefF1G5HwASwwMGDioAKjeCVTasdcyBdXBcm59aHBmhEbQ2sx15qKZtAgyHVtKpwAWVmGnG5MR4SwK6H6V%2F5ctqlW4fapFrIzZacftEdwCbnfnKti0eZ8VMXJo%2BBb8WFSTVcZx%2BjSVRHF1cOTpSaflYGM0lh6GqrcKHStwn6duyGjOLL3Vd
33.,为什么刑侦剧多在东北拍,16.9万,/l?e=117eXpWetB8gCO4L%2Bcts4gdR%2FaRawvuVnHdUsvHsevZ9qmncIyz3t5UtYt5FzoSpkYY4RVQUhrF1CbHyHx5GI5q9V08o8YQx89XinT7%2Bj6otWVPFD9ocJ3sdUY07jkO%2BPZnFDyMJ8Ppr9H3f0%2FfPtdx4N%2FrQxENA2aSWGNpgjd3TI595YpPVN%2FPhbcKLIp4wufkvKqtHHVkEIX55XBW9%2FfWvngOq5z0XeE31cy5jUs%2BU9ml0p48vAgnEn5t2U7rmJXvvRELN2M9lTJu%2FqFmDDrdCo1TwIlLCZMC9bINQVWlfRUchVH7RevpWvqTe%2FLv6uFDWtlyjBHNW%2F%2FRdgqWhyT%2Bq5i2mUtiiTHc
34.,iQOONeo10双芯战神,16.8万,/l?e=c6f0q1VNoCqBInmOJsbhJwFvEKV9mutb7BW3TA%2BJv2Z%2F00UKqqlApgcpMBIR4sJKCHuV7a8oM%2B2zBUAuglGmBm4uJ9QLbk4yw0Wk9BsHcNFSIRSRNYziNZDwuYq%2BsIght1Pi0QAsYM5eJac1BSU%2FyXRFsndtThhhCg6jlSvV%2Bs1xl3OPrFimQ5PwHosYgQf1P8oG6sRgJHJwQ61jgsNF8MnhKuo3V4WEpqU
35.,辅警因为一次好奇9年后救了一条命,16.8万,/l?e=075del6u9j9n2vKwImmKOMLNtVoSiVX50%2BW3VE1Be50ncL1xAUoN3faL4gSd6QU8hyb4tvdvKE5OxMa6Kl07n7McHczbQ6bRPFGqp2kIydiEAafW6ED%2Bm7pH5rI%2Feoysb0Qa9eXsZ76NooWVeraJNjxbHzsO2A8%2Bz9gM25Ep%2FlxWvKaxNOOlGQ95NW0iW7fT4k79anCuRd2yZmXeMOoQcPtnpXvp68M4xmhZelwmzY98OUlv2UZHJl%2FzoBrkA4lq16sPvmonjg8V17vUyy1hTnm0LhuQD1HJBe%2FqM%2BCSybhbAqC8fl5JSWkRFqQC%2F9Ld3iUTAewNthXZOwy5BMCkYc2yX46x6etQUsMdAcSvwSF82W6Hk84kiiWIa%2FFvPeMk9GEyh7D%2FpP%2FJW7T0LDWETxX5DL4zTnMJ4WsE%2Bhagmqigk6JlLWjW
36.,年轻人买的水果半数是情感商品,14.2万,/l?e=a018xL%2BWjjsOhSZQNUcPp9LUgxkeiAt%2B%2FLyIqdFOZYR%2FrNh%2FrzqtrpqhC45Dth67eKFI9akY3oHfp4Qe6%2BNvxw9HNPrK0dsxNvPOeOfCQTzJk5X3ywlQM1BaIXsYXg95IFN3kxek8mp3DL9U0F0%2Fe%2BGHbebbAkWDmJew%2Fej4B8yuRK8dqBB2ZBB7%2FlO%2BQTwu%2FB6pG3mvbiDu2V%2Fdy73%2B0wcfWleaIwXS%2FdelLT5Tumme46tLe%2BnYCVG9eS1buK9qViKkrCFS405cvUm0Y48eDierfjUCTK6RVPo6Z8PH2BJ1tL9CT6tVHQMloUDMw%2BSa8fFqjUDSvt6a9i8dkFwUkJ7oUFAR4Ul7VoLJS8TActMIng4gBS2WMM4bTKV5YlRJawTZmZAkCWkU%2BObqor5X9IOssyooe7M
37.,周翊然周放一搭嫂弟二搭姑侄,14.2万,/l?e=be9c9liKbvI%2FYX03f88UE7Zgq8AHb0nxVbMSfLPtuLFmRxFH%2FDVDRorsZzOeatTz9pW3QiO39JYLzsKV7wqE%2BsdMwgHHSeC4fkXpg3h8nHaFXpyuGVDyL0A3QZeiRhyrFCslQdaBBqKy%2B96D4i1pTVNEMajTobo3D4KvFn%2Bc%2F1AhwcH0hu82WdqPkonmR8c4h7am4vaF4wlqux5De49ZnlX3n3Z2ccP%2FzBN3%2BkVaI%2B5FredsfJhMhORGaHoX98vr0Mn1b8H2oFfnVcAM4bfa8NZCp6VGP54LoXsrXLZzkl5iJmRjTS%2FvxrTwOVYMzVMjJNRhOA6m0OZkCPsYTtEG7sti0%2Be%2B2h7CfkesixqWAKRSrZf5XDLNs3%2FY7b9v%2Fsrllm4hedBsDWE
38.,优衣库客服已读不回,13.8万,/l?e=5447GK3DIsBYf3W4pa91WF83zm2hK5cYJUjyTzZ5rbMxpijmjeiTqkkbElGUjJK9oKrWPLEdUtgSWqAVTG1vtT6i5Gng0AuEQ6fA0OwJF2CaTht15VZ%2FRIfKG4YBppKtOfUSWxLzr9PTEtUEc%2BMQHWKDnzQQVX8SicUCyV1QM0SM3xNta6MQyPSbhnQXTrPMb3eBCjwe3yHD6F31vQ%2BJjNOC7Wqpipyg%2B8dX3LotF3k9NPc%2FhI2zXJputWy2VFAqa4b1mseWjAusgNwtwKYbbroQZuKjD%2FjLdHdyTpPcPKK36w7z26jmU%2FhW28Q
39.,国产剧奇葩婆婆又出新款了,剧集 133301,/l?e=484b5oHrantqxjy8PiXG%2B8XpkUe69vpfFzl4naN8rd1u3q2hmxAfE8awb6InP4T52fhXIOYOsHknGjxGGsgujAibfNcI0gbjp828iM0S%2Fl%2FC7rpxME8mT4GB0np3OyS96MRhW7FXNkHjG%2Ftk8wx5qOY9OjjAa9TyciwI4clK1QqcW%2BVrVhaKdccN6Ar3cHmM8c3c3uXWlXf1052x%2B5tjFEOUjlKtNaJK9y7SBFGLfm2WGyyysuq%2BnC7grgUjDPHwYHUiqbwfIqENBoCICeJBDEI6Paz1QHovhSg5%2FmuOEx4JI1Ro3OStD%2FUZ85pe9fYyNooqaA4hBRPXM4U1Aav0G7WY%2FmnplAiuBWnjTC29TbQNJG771dUVILY
40.,丁禹兮看人深情是因为六百度近视,综艺 132684,/l?e=c89anYe%2F7uUHKoEG2Wh%2B%2BpNvJcIRlOhxBxGMyvv%2B35%2F6toy%2BBIsXhwt%2B0lyHbU3Bj4Wp6aGRW0uQgMrEeTzV3ow%2Fn8W0NJNH1nyLZ2o586QrpCDOC66LeSfJjR2BHqh0d0eqwXHkKAK91ZYn%2Br9lmvGCiWA6wPYrpGuA7xV0NAgc0zi%2BTkg%2B6WQ9yZ9i5GWLpsQFVHzxJdUYqJhXsiPjQtoU%2B8CAQSxC8LJPI3yfQuKzzW1u6VpoFas%2BeBmTidGEkDPX%2B%2B6ShyNUwDWVmSk6MMptx%2FdfAvKXvLDwMSZrNhxZ%2BL9Yaf9Q17AlxMU4H5RNLM2NLpE39MFnV%2BbgCbyCzpDa%2F%2FOWJLMIyj42zZai%2BHtVlmWoc7ftCjjxYAIopjPwayjzoEn%2BCEMH8OYda7GY52cMVZ3Thcz3r69VQ8Ddd9KpAqTcB98
41.,樊振东对郑思维说风正一帆悬,13.1万,/l?e=77decE5oNPt0RhtYH%2BBI8%2F4%2BqmGlRJVhLxETZdnhJYrCVSdJc2IaAF1NTA7bZWNLup2MD2%2F%2F9fV7G99e8PDhv0awIto0BAf25c7V5aTwfdvyBEE6cOLdK%2Br33wjn2M1lUfdQLaXEaxMdQuVBnjZijsHe1BzBOTrWoqbMh7b2IvpI%2FWCO8V%2BiuqsJYSSbQ0AcqaPZOkjte9XhwgMstXNPzxlh8fF5zpDT47f0JbVcZe4yUdYr7B6mAtepkOmy36FuGSgp4i%2FZB811vGoYlgcEsqNZ9co2xmYMYLs5fHdRYZ7vIoUr9s6pIgiYrFNLPYYWV7pZXwKjMJYGqbc5bmKrTVX6GMCrNebfy2VR2L%2F7ISwn098ACzzPzCqcB4%2F8ai%2FqDLitgUtiQmE
42.,TES官宣Meiko离队,12.9万,/l?e=891bt6dOII3DAjlkYg2rkuSyRdblEZI61DOInjDxdffPCofxUClpd6PiNkzpTLGPT4SkeCsviKmbFkAtDPWR2BSMldzWq9hSM6hyuSKnGMIqpfX2WYcl5%2Biri0S%2BrmeBxx0J1YWzB7dEN4fxecfRsi%2FKsANyu9WPDXN8ny7e66BjP%2BkccAd7VWJOKHm1gIYAckGb9b7b5t6mxNI9SlkUXnbb7SJQ6VVpUQ
43.,王楠女儿落选国乒少年集训队,12.7万,/l?e=d31c%2Ft1ByWTqce%2BZ0B%2BKm9YZSYFkfY8e7tOJxt1QO2BOv3XZS8%2Bszy8s%2BWxxiu0YE8pIlq3FlzinxhclujblXEc%2FFpKgh52i2V4a56Sbnwrh06u1pWiFghMAc9doFIjX5GODy7E43jwIRBvsSdJjxlmbNfcbZjFHXaySvBYkrwdQK8NNlcwbS4yiKjg5h1sGb71Sop7i9C%2FlgNldnIQyilmRL1JQL2ysA%2FRKHFxHv4u6moZEobBD%2FLabLaO8voO96eqJNZVQTQ2AVg95db3xZHYFw2w9uoBfGpikjUnQ4qSxYH1GqA7XjfXPeR7cZQQ77UFwRv1tpY2VDllK2AEj81pWVPBa6IjEmJLiVGUHtgnIWbJ%2F4WpD0%2F7rtfJiLBlsEqCwuSFpv70
44.,优衣库在华业绩下滑,12.6万,/l?e=d6b1%2BwwL%2FbFyW6kVbvTiKuJWRq%2FrYvnA5puCcoSTinNeSoZ7N79tY5pn8bO8L95%2BCUjh9ROplXqdu13JHqSbHPDdIcML46N0BfjJFFI8bxvPJLBPKN14GYW%2BhP9jXlp4SXYWSYjXgMsgFDF8fhD2S8rjJ3%2B1M8W%2FIJjJ%2B7Hrjilt2lZ8w7SZfNkWjbDatq%2FGGppKLxmljoPNnZAGaGuemlicOSUZhqelI%2FZELQAn4aAv591loA3wazJriPxPx3Pt1fdKmStrFbd6zYYq%2FMTkT%2BP0rM7uBHsnvNTuBe0TxR6b6T1A6D4KFvrhr2g
45.,侵华日军日记曝光南京大屠杀新证,12.6万,/l?e=cef7SzMC%2FqNOdXcqo5FQeeTqHXMtgJPZWbnUc0%2ByvNyEVtZt%2FCikeCZ7IQQGqcEBFT5HjxKcow7KcWmgVUQ4h%2B6L1Nde62bNHHTRUBLmzn0Cr58%2F6Rjkfgd6y4BBpEY66%2BGj1wlkYgpWNj2W%2B7DohW7W8se0PjvLhbjbLWbKFNyt9Gz1yvSCBfqqJQVYHsOoYbEol1%2BczYRAR1QnVIHlqL%2BHYMOMBv6%2FuFLsto9twy6aJkOzURIwhlL7JHHF1Pny0JzSwHfk3AZPBpShYgS6%2FJyOoqrdE%2FSvQVJyI8dtpp48ty7JbYb%2BcAM5thtYXbwFFLFSvIjwRgMu0Il7DJn7OtUjdYFry5xvhGXhfoplXP%2FEC0%2B1lLoCdhnuJXMf8CuBhAcR6Tp1pfe35FlPfuhoWMqiDgorPVgF%2FRzjaO9Yvdeoe%2FtKzpg
46.,奥斯卡宁荣荣 新还珠格格,剧集 123615,/l?e=da91DN8ouMbQGfpKYOcXtxWF0wL9GYXs%2B6%2F%2FmqW4aYy%2FmC6n58Jte9R0StzKPQ27RDHzMyoFWky%2BBYL3HFUmIdW156JvF27dv%2FyXKGjQ9V3APXh3TfIXwUQLvsvkRTd0YU%2FI2cROYfj5b0mL76r15M0CnVHE0CoBkkLbEABeR55mTS3pUnCh5KYsu7IggISftdVpplrVZOMSTVPGwCeydSy%2FnFf83%2BzylyYZG3lKVLhb0c1JgWRQNpfqhrjSaJ1h6vjon5c2sKiUy9kX2QAwiP8%2F7Cg5J%2BQ%2FbbozxexdrHxlIuc5LxxWxNrW3QMIl6UXd%2BZg7A%2FfCl%2B8yFuJmM5M%2BBqmsKSSc39LN00En6o
47.,你家的筷子多久没换了,12.0万,/l?e=1a736xg6n05ZHmEiEJWBR7aWaP7sMcG6EscM0fAEnfH%2F9E23cIN0B2%2FV1MyFYh8dNkWRDe07biNsM5zbqvjlSxrB95FHFtYL4e9aYKZNofTshcb2angqpSeqRp0BUqFI6G1myNIdGdn4UXnLFryOTc13HOvXLmf0SxsyrmfGok4sby9UDWuGbfmVSihyhxpfdv7SqXf1plc9zMc3IF6I4ltJPoUL%2BDCLKG04JimJUrXLkr8sojxt%2FTQPCZJWqRIs%2BJimnOF7c%2FnCvj5HrL7wZ9dwb4vK8VibSPLf9ZWZBB5rP5gTJHgiiXs9zBLDAG%2B2FRGSlwh7MD%2BOwY0
48.,珠海户籍居民可一周去一次澳门,11.8万,/l?e=01f4kw2VwMu%2Fb5JmhDRLffx7W9c3n%2FLthXmW%2Fho27fuZULn6qOyF8UEkMI2TlXjV6L0QlpMWWS6QSEXajshIF2mOJ8aAvj49CTMpvIhAO5XXi7Rx8gsj6RJBxoTvjIs%2F%2B45mv0J0zXBdOBNS%2FTZ6YZ06plP0NQW5mShZnoavzI5d7tIFuVAz%2B8P37nqirhqnCH64CXQkkcMjaA8KmZGuCldvucKGBjhbhsXAjTkHoqgLs4kEQ0D8oQ3ZipPqpCoN%2FhIxxCcLtR0F9aklwK8l7l0AkCAcrxdMNmnVaP1165TrWDp7P9f0vvdAAEw3M11RpBiA6%2FeRRRr9OUQ6%2F33sI4tizYB6LSJrK78XQPuNc2CaCUIhQrGLzdlx0puV3SGZecxku7fxAPLdDf4v9OzcgDJJ7eiyoVw
49.,杨子黄圣依 人设,综艺 110717,/l?e=fba3QNnG5fPhoA6OzOcscl3GrXkMrXcQsKvCdrsVehs%2FDWpZXu9Xu1ZQg0Tu1D4l7F9vbvPXe9h4%2BCdkjpRIw1xkv4OpGAOQtZAkzZGSr3hn6Go7mtMlKs0NKhDJzck1Si4FO8HcTvJ3u0W9OdruEcc%2Fq9m1dwXkcYDPWFq4DImKNPS1SMEafk7%2FFHPubsZInb5z4z%2FzhMW92xmSYDnSnEbmiz2pkSHB9CAWKFva4OpokZBfqlONX%2F7onszmA67pLaPSbRv6CJhTf1YHkUkoVrg
50.,澳网亚太区外卡赛,11.0万,/l?e=86ecMJne9Go0VEbNMN5qL1KDZdwcwNqZSEX6BxY0DUzvwUrPAPiv1C%2F%2FGBgqy2lxxcXAKJQ7ypu8TWyjDo5LMlu6RLI1O%2FU2m5UbfkvMa519xuryOH%2FJqa1hb%2B3CL%2BwFRhXkxYnsPihWcuIudKlgdPiuGSA%2B%2BpjYVQrtX3AVyNLiW8M1Ma8fTyFeMKCtAdCxG5wxaRrg%2BLuKLPQhPPa3q6feIxJoy716AldjNPSdu5VmY58qUMUIUoFpgfaeLMEpiZW3Rc8SZLMsoklJGEcmMX4hNKzC8lWBumhS2jQ
51.,儿媳控告公婆未经允许在客厅安监控,10.9万,/l?e=988aychcBlhsQmuhTtIvT%2F%2FeqHuxVg6Mrn26uyT%2BnMHivO7%2FWx3Q%2FhWNJ4L1ZAdtfxBLESJXhjMIbeTKYtoQKhIdvyaRRkJHfAnQWoxpKk7PtUWxqXfZIkFN4UZ4qLfRmTyHYJKCzWDP0iq02MSBXT2QF1peIlhtADpmKDOZWkhMvCJKq6sD23%2FopiDAwIq6u81TCemGGFXOa7WDFZAh5CYg1Hbjz2GBCFHbVNhfhnLV2eX%2BwU3gzIk2%2FMsoJ%2F9nEkpisyuuuE11hdKZs9TSaZyDHhad3olxgIXpte3s1Su%2FwoLVm4u%2Fq6fb8W1Pwp885vnn5noGkWcHALDzI3Ar1Qvsjz3THeBDsn794p4BQ5KyVSgCj25eskcpx3P9NUq4U0TY8R4E82Z7jt%2BAkb5N4zcCFaxpQfYqo80C2hfu9f82%2Bl1jxXpVUqf5LkKZ0XyURUcgudo
52.,侵华日军日记描述南京尸体如山,10.9万,/l?e=b8caR3LpEIWVp8sb7z3KtYBetW9iVaRc7ojabgnkXxLX8v2PIk4Y39dsogXsav3M3L3V4rEuXn0Zn1SdrInGUKwJageuXr2VwYVGjLX6jRkpDgi%2B0UXfuSYgtB11ZY%2BSjodDwgTHqDLH7YAcGXTpRtBSZltgmbZLG0GE8YOPiI0vcRhfTvJwztUKDnpG7Veo%2BBrsynpVz%2F91SjVxUJ9R%2FPzS1rWk%2FZ59JqjsDO7mf7EKDfoNlba%2F8I8XA0im7HoEzdsSVgySw2o0XiK1m1%2Fr1POt2ILF5iN%2BqJaculwhK6CZ%2BGrKs3r1LIA626bthPuPwE6KrU7xwjo1LmCxv7u6a3v9YTnhDqEb56quk29arP70q5eTX4wa%2BhuMFVTDZsr33bDn0EYNlI9rtpRFsvB%2B8yOlo%2F3vCCM
2024-11-29,蛇年春晚看九命相柳,晚会 229738,/l?e=ea839lYHaHfBENcRzU0WqwPJ%2BJRNiOdd4r8kqFtQVmR4l7%2BrszGW7tAPL8SaDMxE2eYLqAewxIns8kF9Fz0U1c4n%2FzafrAdGtW2CZIMOqYh36yBkZQsIu74Kd2gXAim1hbEoVPNNr%2FW7Ixi4m913FjqTPzn2jUcVqVPKN8j1SFXCH8mYfv%2FGMqaDt3R82W1qMuQMc8s0YNC2rcYaiaaeJCMin%2F24EKEiKPSNpF%2BCw%2FWRtMnPKpN6ppEKjZThLF46fswzqIZwHgHSlK8H7mNLyGBhWKipQQ9qucaH%2FN6rGDwoGrge4zRYI6tw0iw
2024-11-29,张婧仪眉骨阴影,22.3万,/l?e=019912T7a6LKQuNhIJUti2BiP2HSTmBqxu4ZqJF2f7AnSYgmW0E5Heqct6T9zGewsL5rJK5zkjga2aAReQ0GlBiAYVwOU4UbzZvBaJFeE8UcDyRq%2F8OhdE5u3yVyUypROXUYAqUt66wXPPXpjARnyLB8mkNX0N1yh6W0GoqE5qUBCGchDjyswUh5k4nLz3wEvyUqoOL2QN6g1lzqgv6RskAXAKCwFkf%2Bbmr97CuF%2F3Ov%2FMT9TL6XU9%2BwnRJa19MPWs4acVf1YdU6gkKibY0
2024-11-29,郑思维回复樊振东祝你我都一樊风顺,19.6万,/l?e=36528L0LXn4vI0wMDDbHyIeQLAUnheU3%2BDKO5kJ8rDvxfkLqMLpeN1xCMNgOC3I%2BWayN%2BCFMFLSmedjrPQx3ainVQvcyGY9eIb%2BL%2FMJiR3FNEfXLIbs%2Fs3ReKfpERQhinajBFFcdZLabhYagt%2F1YktamuDt%2F1KHjJxCxXM9PhEHjSBAJRfZFVP3axdMFOgB6%2FRFvvEUCOjOyfqS7JDxUS3mxW%2FBJn8IVIt8d4KgVPsTK6oRmu%2FVtTNQThQFLKVd3U14ZG6E12FnZChduE1HiMlNYPUavg6C8BrTrdwfwzHn6UsaFv34WYA6b3ecEL%2BPGA0tFxy8oxfBRRgTPk9PX4TjPtppV0%2Fj3BpDabnjlf0ikcxy%2FrSYO74N9yvd1GWCg%2B%2BVAqhOy1kgUpRCfVRC8Y9so6vnE39B7rMrd9qe9xPlVwfe8WfL8C4G%2FwWWH6dvqxd4uLk8
2024-11-29,安以轩老公被判处13年有期徒刑,19.3万,/l?e=60c2S%2Fnx%2FKXieaMe00SAEkjkDHlxsRrqyNotOcdAPltQf0NWbpvtkMMbDFL60neObTwzizGywwsV5Gnw9oUvYyHUZ9grYQHT2sT%2Bv3DZ0TSQ8rjwjgV3i5P8tweIFswXpSnB0CfYHc3UAFUljA%2F4I5q6Mqg3PxTpAL%2B7cCOeEa2ZYXunEIHFz5CrtEAXBjqi7Cm0pfG5b6AU%2BleDxZpk8%2Fgd6asIBnZEPrB0fRb8GvAEITMGNXy52Mz70pgIWNXuYoURoEPWpgthHT2vT48Pus8bRuSH99Y92xJy3FNij13Vv6wpIjivhx9IgluRtOqwe2jq6UxqknFh1a%2FFuhFZsz12g8u6WdRsY27T5jk%2BMjfdu6BE6QAFEa7AfkZ57uckgSdEMWLVwxwtlQ
2024-11-29,iQOONeo10双芯战神,16.8万,/l?e=d3f5TpFT1OFFUuWL1J3RNN5NM8lgdDOVePTnHjEH9eWWIBrQ3E4dkl721JAkCJo%2BE83hbcK0Ts3jUxaO9T1lLT2%2BWMnA6I9I5z12skRcbwYl2u7rIc44uT2ugCxA6Kmc%2FjtK9%2FyLEKN4H3BR86O7YGomPTwaAZMHo5rvHchd0N%2FZ2NQB3AK6el2rAvxCQ2uT%2FPpVcCca0Dt86aBPVkFiKoPWZqahIJ2X2XM
2024-11-29,周翊然周放一搭嫂弟二搭姑侄,14.2万,/l?e=56d2M362EkG%2BgLWunuRPQlRlLjxYRI5EqQ%2FPE5XYY6oF7AUXm65KvwexlojPIj5ZVKZdXiooj2pkO9GtyUJH23xM7stvo9%2FxNYKcuK%2FDWjsTsY6eIBElyWURrbiehaPHidns6HfJKhOPnbA6druTd8lE71JM1nvha%2BQ4oYdmFia9y6CR7C%2BAVLkfkNCn3OGpl39O1%2BhArm9PsajhKSIJMDKlDlntfIJOQm189QyYVpB9hb0T2uXXOqhe456jxqXbRyMMM4SeJHSS%2F995w13COAqGyxr1OG%2B3nFktaHfj0B32iIUshBvLW2bnO5nS46HKGJrIjYC5g4IpA9TykIEonv0TkBOlCmZcQb4VMWauxR0X663b9WLsbFap5X%2FWoHvLRone7uCA1WM
2024-11-29,优衣库客服已读不回,13.8万,/l?e=ac7cnMAH%2Fo%2BW0wVuF7gOgxSIUcVvyZve7Z7zC09u8P07Pbp4O7OHwI6ALonQAGy8eXyY7Ww31drMCCOnLS9JVNPlXT1Da1B6uwkNV1iNAWYCV61EmT2cPxW0WUhAhoML3SnQdKjves0YduKc1cQvbH%2Bkxv9KvphzpzKfJlSDfmEnYW%2BLkVUpklFbeLtQ6MjUpJ8kEfRaVWWhC73eTtpbqpjelDlejLEWoUkHFerFhM5qQS5LnMbA%2FSDRe9%2F%2Fy9g%2BRy1%2B1tNmyYuNzTBnggH2fG5BcKrIAs%2Fa12me0LNZc%2Buez6alSXwtFIRTJ6w
2024-11-29,樊振东对郑思维说风正一帆悬,13.1万,/l?e=b98fWaJiVuR76DxgoFi8ZgX2Csg%2FC5FUkz0NqgmKS4VrGXv9x9ON2PnLZh0pkPKg%2FisB5zvRoikQULELAM%2BASrgHnIdnRUDCk5uQ1Hq2qhoHtcnOKFrKYv0%2BXSgrAxyMlY6q%2FR0cUGMi%2BMG2GA%2Fhnjv9PpUYDhC4Y8ymDKrbKoqbZqgLpgO8V%2BOgTJa4JXuZq1RLVVTsloSoCKZ6Vxbe83JO%2FUXBPovYSby1VDyNSkmrSEprntzA7mjwMD4%2BQzj0A7iiGCkIiDj0CJ74emaBbM%2B%2FLjFT4dpdW6r%2F3g3Bjg21HJcNys5gmKgVMYQRiB%2F8QaDD5DAZ6uMfleiEa7nX41lctFTfV5xqoW3UpB2w1iaGzj3qTm4M9nodp9zQx1TtB2qAXGLyo0s
2024-11-29,优衣库在华业绩下滑,55.7万阅读 | @南方日报,/l?e=bef2uV6pQ68mg1YpcHIwB4PRqKMh%2BxsW9m6cNCI%2FdaOUq%2BCmTVL6zABXamdT%2FiWxGyuo3JfoSSclhKiH%2FfFRgO3vJBtXgjcxiFuxkfXwbYTJhnx21fvae0o%2BT8wae9hjlXb%2B403271XHcCYUyT0u19scKQeGt36HPpzBn5%2BFTpYwSB%2B%2FYfb0fdfJyD%2B90asrKxK08XyKpWgtOeZmf35BqZdrGIo6L8NZyAcgPRms364KZxiG9YyDgttrsMId9NFT8M8TMq1X7gIa8o4Tc4HqbWN%2BCbUVN3TESVWctbrJWM%2Fxpo96Wa%2FkQpzvULg
2024-11-29,2025杂志超全订阅攻略,,/l?e=9130GgBtVjlBZCceOSDx0kjFholC2PDKVMAIieJtF3eJPkFjMvmx3bvZhQJp3R0m8U37RfzkowBuFfY5IaXtk2i7IegFwtVJ539biM4R%2FVYYe0XY1Iwx%2BZqGcFYYXGnse25Q4aD9Q1DwKoXlC0G7ONu0LyrMqxApb9TFbED2fBKZoaxzNqopC6JhmTeQVo2%2Fr1AIoMNrS8y7%2FE0LwqL4ME8Xyk%2BO1uD6rb1VdOpJ688bx97aKeWd1pmOkJYydg8QT0hD4cCL7iIsm6Sz%2BC%2FywQfk9Jp%2FDXhIMuEoBWDSvFB5
2024-11-29,一年一度晒家大赛,,/l?e=0a84pjCpOOnzbEYa7BpxIk2lOdVwcqHGtrYZ9wvJcXq9zqGlblqPNVbG8vgLuDCaG7hhWLzsW8sGLzN%2F2KVzWwjSTfqJbrzm%2FVz9MLtXeAQhHuAp2E9JckB68z6l9GDYbK4xp5yfW0AT0jBIkjjrVINejwzOmS5hv6WbU%2F8QCPUFeggfPqSNkmGxRamXuA1u3lZuWzOOEtGel%2BMTkEq28DByMkLa%2BmuaOzQseHvWE80K0BqShvWegGkqLR%2FHUYBvcOJBec2kvdf3G%2F1QB9TyGMDpIJLloDSpc%2BDYOoo
2024-11-29,A股三大指数11月收红,40.9万,/l?e=c78dAKeeX0COj4%2FwziutElmvx6cRfB8c9taTasjuxmxfq0qZ2XOqcMVZAqIzIGy6EPX%2FH3Y740FBXoEAQmSMzIAfmC0DYAkLQtViJkjbL12b8O%2BG1rk%2BOkT%2F%2B2dUM8y1wdB9biwakOWJAxu%2Br6RYbNKv5RyNtKUuuWhGQyur1gA%2BYQ9b2PGIfGF08vu0E%2Fqgwgriy0J5D7PLbAT1JoQjglK60Ni1wq5VoDkBqGZWdLd6FYwRt7IVGuTogwMbRFO%2BllkKIIOBTc9uKC4EdB9A2KXKXn0vNT%2Bd8o4yPqmh8ps
2024-11-29,澳网亚太区外卡赛,11.0万,/l?e=2205hYowB%2FujPjmCXIB6o9joxWe%2FNVywMT%2BBfGrqLxG1bp7Lz0VTS78fE7AaCSIjFnVT5H24rsdkcOf4BOcY2iVByDIDAtHLJuXvPxrxgrJxJLKsm0zwsNCbCrzju7caLAaR45uoaUDJfAcqAE6KMLniifIgFHUJtVspyn5GzkyEirDFQJrS2ytuAS02XTTwZ%2BFjWgUBIYolPi7wJkfteuMPzAKYUfw22iM2kRsOMkelZxFHGeWSlvG4J%2BZUS40v%2FDxu%2BUOao5ihWxNaRZn62Ge81%2FtS02upjXjK2TQ
2024-11-29,龚俊城市雨夜撑伞照,23.8万,/l?e=8999hFvrIAdOYPOidMkGBAogKcQCgqE2HHddht1lkYlEMI2B6f91od0IBmyJlKh1jDcQLjoQAQIQpqkNAR2RY5ebL5igu1BTPH%2FtR0juY2Td9wXNGz3LCbFVn4Pu4a8Qu6OyXlJimPOh2KaQwmWFduej%2BCCrd4mdDh9z%2FPwdx0eaZVqJVnysaV8S7juGk9nzk3RwdxjEpJiJE3E8CCRUcE2i8RvzOBMP3IWdHi9lTJORN%2BFJqf1wtoZO1I8X3g4fMmwUgJY3tsbckaBFQfG8YhjBVD%2B6fkFIf5WGEHS83s5j5qPTM0FlTJDRYSU
2024-11-29,郑思维说我在杭州等你,17.4万,/l?e=32e2uVaHZzXxdes87cK7GZWqWPwtGP8c1hTmtCZ5BV%2BrTWgal3%2FTCPI9Z2JUrgahUpa%2B%2F042oPFaFmMyjKxmHozDBnewZtWOO5Vqyf8DiU5CexkxRdYhRoomh%2Bxp8KlFBSkkd9q2wrmuYHILFcySCOg1egcb6yl6Kf03pdJqu5Vg09SLBn4o6TbgoCZLB%2BNTx2j0gVBvqnKdNDZZpaJlIpZjnTCi24i99jBOL69yUPlwOoWEplFAG6dFFYz%2FA%2Ff2SWuvJjv7VpcqluETXSAHzEIiuWDuvgyotDtiNVo1t%2FORsyEBOeUnsYEmrmjJ5xV5cpkN7HzLSTlUggw
2024-11-29,林允滑雪妆,20.6万,/l?e=7744Hs4iA446JONwsqXJA%2BAq9Tuuw0tu76DmYYlmmDVS6c%2BdbNfp4fawWYN1Bz9VoTsOneI3MqOv8Vqiy0vivJdp829AWfc9pmfnAMwOfYgbXYXg0S04mbzNdf5w7OPUb%2Bd6sMV4Z2Q6sIS%2B0wNn7z9M9xDzPK%2FLjBAhKDBvZ%2FLjS2b%2BKJXC9r8VyT7EMj9HdJ2pNfSJNjRu6TbNgtgx3k6PQbGOJ0wIDQT%2BQ34BT3U
2024-11-29,侵华日军日记曝光南京大屠杀新证,124.5万阅读 | @扬子晚报,/l?e=09f6%2BCcUcTFZubpXHb7sR%2BNTTDVjBhZFIhWivOuCcdZye7w%2FjuR1o6RL0rG%2FjVBrY63M1sGuXgqjDDnWaBrFyfXoYrVZieLs5SJr%2BWShOijK8l4ZtCRm%2BUMktVNXYS8bbC%2BubfYkLLSVYmZEIAQVBxU46boK3NVKZqz5ARJ5CVmptIQGYJaUg%2BRlsE83tmg8ToSXdwm2zG4idh5Vpsg%2FAX7kk0JTBhqb%2F6Nd%2FrJ8NPU8fRnbsQgAri%2BdO0IDqDvFqqdErGiIDPZ%2FTYRtFY44zdqE9D%2F3uOX%2Be4d%2BIxCUMS3S6Pq1z7z0dEow7MjjJQFDbIfC5c0YlGETpg3mENH3daMU9HnNLvxEjhjiNKvjk2Q0FkB16qpBF7iNUyaWFZXZJxzYDHfoguADqaR2ronOjexSLcnfzuTp48UYAUJ%2FZelCOIHcXIU
2024-11-29,国产剧奇葩婆婆又出新款了,剧集 133301,/l?e=fae85AmiMaH8JcsLLBAKrb9Psn0KB%2FhXpUftAG%2BFlk7EHf71zkTlEJqe5qMimLYgekjPTg6DbOKfwpv1%2FV3NQAx0NJfMnLPuNuE6US8ePHKNgvwRyPlG3HTiO76diDagf5yl0Xc2RyXDXb%2BJwyJ%2BP8D3sqUu18mCe%2Bxvgtqa%2BYPISXxR14rQixFANu6vuCK7oB0LddfcwzsV8fGda9qRp5s2m5VjB5ByU6TlYkFBYqZ9LNbwIjlYDZEKVqym%2FQ%2BD5W5ipa5C6pFP9TMTqe6%2BwIdGAB%2BafZsGndDxB6%2BnMweWN8FPhZFzL8E0bXSUCGphs6QSjl1rMl2LT3wwxkxOp7rh0yXlAtemAIhx7Tj%2FhC7%2FFe%2Bv1bzw3DU
2024-11-29,为什么刑侦剧多在东北拍,16.9万,/l?e=51374v8fnwuwPTOOqQRCBrrSUAm9i49xTLpnIBH1FTvVK8bepihbATlWpPXdlexRUj3NuYbBM20StbQEAFiwd%2FRfy1Yi%2Fhy%2Bzq%2FaL2YflYLTyc05P8hv76%2B8tfe%2BuxU9LAzmwNX5q2K7FFEuSjs5%2F6WNWLjHiZmGnnWytvo%2BuX7D2RF%2F6exTG17IdkQbJAxZDTTl1SLMTF4t7drgyx2GGgro26beH8RVXf7tmkxPuvfEONpTH2SKtvLayBdGTMHz5Dsw1wN%2FQ7fS4QqaNNRA6Exw%2Fl3RNCMwHfPfp%2Fw8eoAZJo9In9NL9tS5EL8eUN2rwFTtDdMOA8Gqo4WDJNXjltRGs9lgbpuNhGw
2024-11-29,周密把周芯竹买话筒的钱转给她了,20.9万,/l?e=2c41ZFQywfiDRtB7nuOpjGmcOXu8RZP%2BUAuGKnyOJAXqgIENUOT2INzbOmw9ytCEiE%2BFh8Gho6cO4WsQ1V8Gs%2F%2FrjATxY9la1Rh56xUfPRHPIn9TTZ9ITdFw%2F%2BEb45ZvOqwtdkRG8CmidP8RK3IexBAWfXSl37hHNRozWN34EhxcBs4lAnf%2FqbzHCxiwwIt9i6ZjZV8j2fouLO7SJnD9Zw8MqJgI0bds5ckQgPuxy63dsYiQImWh1DmuWz%2Fb3QPXLD2u1rj9wLBxhl2f8ccuvrVGRmquX%2F9JfA0eZLijnHJfsWDtfDwsuh4RnvvUfq6Hz5KiAMf6uDiIWIUk3DBgyTz2Mc3R%2FNUsqwaKQINOBxVug%2BvXif%2BbnNZ5Bu7NUZ6pK0dhdowiXa5pCNLqETLk853xl6HeIIm6jB7xGHDaBc4UOHp4cOk
2024-11-29,贺峻霖一路繁花数箱子,综艺 132683,/l?e=54a9vaU6GnW7wAczuWUOP47YKif5zJm683fruteIfJggvOdS1NdfOnZq4KLEAh9F6eXiU1aTInx%2BoWjZpI9sh3KXVGGt3h12l3EFbC8wBYQ1MHo03FaM8JUOlQ7SAYWIsAupnKsBs2IunM9LO%2Fjo%2Bj3aNIHGjusbOBO5DWgUquQNs9PUoUIHdfSCyxXacaJ1PJjD4BF74xu%2BNFYpq0rbixGnEAY8QGt4EYXaCQGIEwpiOKCleA7cbROcsn4WpUrsPmGpjjZznIGogfMR3ipg0f4u5N7V1EyMEF7XDl1aGI%2FW85N%2BQ4ZDBHiNyy6Iy2KGl6DSwE81ZLWz77U
2024-11-29,女子在中医诊所遭性侵医生被刑拘,18.8万,/l?e=4c068ltzew69xgn%2Bksk%2FTDUGY5tD%2FUndDIHo0%2BmjtrTas9W4b%2FvsNHLYNJE99FJlP03L1mhy%2FAOtKDyqkQ3oSUjHJwEIE3QFCv8Ut7GIsno%2BaocWewbK2x4INt22V7%2Bg4hzegp2XDH934xfo5aEE8zLTyd2TkblAVU5Ysxa3zw2kHf3nkNScCOzyoDzReFmKkhSJ%2FDqZC6KfIT1FsOKeHerqbXrsI33BeE1dxbkBVRv1RlJZGHFMicr01J8bpK6%2F3LBUR8nQUsNxm%2BCJBe3dLqDpOtH0FByWPPgDKbOLjQyxvM47a1kUA%2F6VMYq2bYKfPrPX3G2k%2FWHEMhLvUYyUa%2FJg6aUTDAIY2LV4T7KRh0yyhH5Pfv27E7s2mNQy%2FB%2BPN1PelXURB2jVoBCYcCzWNK6Ndt%2FQhItSqp4NzcG%2BJGqolSva388
2024-11-29,印政府还在用被封杀4年的中国APP,306.0万阅读 | @观察者网,/l?e=526fSJ3aV9BdLmjmm1qVisRZTJWTBNTdrNoENosll7yq1Q9HJNjRxEbLYJjnCVPzsC7facui9p7MjcWwMu9Aq3qo7kh1LZlWl10QhAUh%2FvGbRamte3%2BWwgQD3FW%2FQYPPDqkSagW3PpaE7E2RiCZGCyauDq5amLMaGN3ViRR0laYgfzdFJVa%2FELYrXHVu2QyWaImy6HT1vLc2AI2Q0A7MtXIoK4Lu%2BuOxpO48m6kH8VblmhP4zk%2Bv5VqbcsyMtLm8GZfz05IMpq8el2fgDtXhpI2WMfBP6FxWbW5hJ4qbH3ldqCUoPytwmrwrI5ECY7hTlgeYij7jmUemtRSNckf43UQvr8BCkO%2BvJ3EeStnF%2Biq5srhqu7ZBvyZ5aFPGQe%2FtHLI6uFePnSoii%2FEz
2024-11-29,韩安冉称do脸模板是赵露思,76.2万,/l?e=80d7RQzGc4%2BMZs2%2BwNlla8S8Hn5O03R6%2FXKOcuYHnMnWyAp0Fl3xnkzEmy7F%2FvHZn3OjAUAYDm8F6ZkoG4z0H2gbCOz2oW6X0mzPmOxCDDILfihToLCP0XUdwEQJrSkvgVOX%2F2eJDxLTaBIu%2BkviUP1uDfHC7kMBLoOQIox6ZcHPXALaO3h%2FxL19W2akoqiroWutsI12gPROOJUgzi0lO47J0BtLMzksDrt11OOpXmaurWu5kqDkUfivDd%2F%2F9UDISxbBGuVE%2F8Dyxovi8o24myVAR8R0Ivjs%2FoEuxoCkYqlNDwqaFVcBX4e%2BZog82138iFNDPEAinIfqD527UqBVYULFO9%2Fu%2FUKjITuIBw
2024-11-29,王曼昱助力亚冬会,28.0万,/l?e=5682FcbTIiOeHMD6x7nrRoxdu2lt9ROLp3rA2QyG6I974VP1KbxvSAl5dzmOcQHL8Uz9YITXAQ%2FexDVR1xRP0ZgJcu4JiwrevYyQir54CLK0PnU3gxd3uWeZU2izT6kWavRBEIyAvhr2mfVVZpNivMUJI6hxLLmWYcX55JKgRN9QTCx%2B9CDnaHigIiYc70pq8akM38xs%2F2z0Uz6pVJkd2d9nAXeh8GT67gOkTPQhTx8RPrQWCwC6w%2FofRiNojqb1p5TTG9epN2487Q5Mqxu4l2hGEOXYgOVsvIISLSA
2024-11-29,小鬼拍到本智性恋心趴上了,29.7万,/l?e=aaf5mH87opTrWaCFiyoGtskrYAQEzqVBhH%2FKGx0HVR%2FEp50mCyfshRI0pt%2FyXBTwpdSlMxasUsCNMXDLWp3smXv9I0QjmEylHpILrPczz2R7kFHd0kDqQdIZvQIA2mb8ZbF1Dt2u0L90CSAWhE%2FKLDJ9N1uTF4u3mhw19nkQm65BOGQg5IMR3%2BOCxI4Jub4db2NDXSTwJyd8kwsiUmwh2VhndEAbvJqOQsAI%2BdexTLRr2jqpKpFIuKAerAqL7jVeDs26A3SGJi%2BRL83xWyOhtHXXEz%2FUC80oDLkXl1CsvmAKcehVxDlpFADyrtfhY68Yj3634WPmUT6CWYN1g8q5T5u1iWX2GjghoKNYePileN7UgGfQkdJDd0U
2024-11-29,外交部回应优衣库不用新疆棉,1388.1万阅读 | @国是直通车,/l?e=2900LMO8cbAUendr3Mej20t%2BnI5m8b99L18utpysgqHbh8h0ZIPRHgjH4yqcaxHX7xlGEfxPBcebX5S8GnxTGXigChenJjz9qljAcYvEZtiZzu3LRf%2BuGP7zJ3wfsnZG59hDEyI1qthVnnRh%2FAVO19bV3gxiCAlBJj1w6T2w8sM04G6Pc0Sm%2B69a9FnSe4yDSNctoL4qj3uswjTHJPN7IWQt1sK3KCAbYBzMRdBkh4vm96trsHiBITkX1WSi9%2FvUV55gFAFCLD99TrqAfA29DGVbu63HddkIRFALmnKGPy8TQoZ4gOMCyY4%2FAqF4wbbsk5cySRom9NE9QG2tiolKc0FR6klY9AXovXU5PIkTTxpcmsZgtokBvylIxUoIAG7t%2FlweIH1y%2FOw
2024-11-29,李昊 活在我MP3里的歌手,11.8万,/l?e=aedfF%2B773PJSeAEm1MlVLqbSfKeAFTQjkOMTP%2FHTAsSQ9VJAjY6uO%2F3G1qEo4XsBI7W5HwDws5tsVgxRKuyntOB8OZumpnbAhkx%2BissMcfnoVzxMz6uG2jkNqfqAmF1KOKvLfb%2BVbYmMz8JtJ%2FBiFcF0EjcG2wESwAcQqJ5kELasv3c4vJrXJKGFOX3wBp7M2PVqzNvltuCGfm9rLYq6RoHrm9R1uubdWmylCIDM%2FUzRtKGndJZdFEurHjcbom%2B%2Fugu%2FSchXmTlhLxpRIJu87WgcRseAgSzOiyPhaGzKaj49XI%2FNLuntNcZMwm8yLr1fsQI
2024-11-29,导致胃癌的6个高危因素,2463.4万阅读 | @人民日报,/l?e=37edgYAa8dr8baVGZbmshMhhRDOYZtnDakpVW3w9Gtw5SDWWcu%2BPUuOKArmTsa%2BsUI3ZtAnxl1BdaG56H1L9neXbTypMrNSb1AlYjkqVGfe04wa5i3qiM%2FK4935GL5%2B8oocmU0x3M7H1BIYAj3NWNA4RJbl8Ib%2FE6Yl6xbW9KyWK1oR3oRCh%2BZ2a6YXSYJB89q8fcvMpn2rdH%2FVERDJHIPCNZKYnpz0VDK%2BGKXnFBd0irHXhyrG8J%2BERt9BmYw265FW3kSHDwck7C%2F1a0Ckfcitv8GvQxuacpuymB12PcMNcU%2FTndEbTZgEvcKX7fHZ2jS1%2BbfkLYjVB%2BnTZ
2024-11-29,扎根中国大地赓续中华文脉厚植学术根基,,/l?e=3cadJNhXKYp7%2B6comjOh6j1aYuhph355pGjC9sm1CrmLjhxlmeWf9W2cvUYi6jwOoLy%2Bw2nW9Z2erckyGC4m5nwEEvKUg1WamZmv5Wn7EPX2pW%2F96hUL56uHeufDs0%2Fxz%2FMd9Lq9ore7xtOCiw%2FoOBEg4xzTMzOHFw5eLFkWIDPrfVxoY9slRoIxYfoGagq8jA3sv7pDRneE4UWwyYzjGxXbuBlGhCYe1coadT2gk7Bnya1SpKbOJO%2F76VDnzb07Eh7lLpx6TB0gwx4kChLJ56MwQ1xv1jR047laWIdeKq8FV%2Frp8T4%2F9JiEpRU1BzZ%2FgTL7bMk040W7%2FcYdG%2BDQ4WvisSO%2Fh3tveNASDt2wrHua%2BDvXY4yy23zQ3dzdJmIcr0icgOzxyJk%2Boy348c82516Qygv1U09OPpBEzCMY2oBBoAT%2FnA3NEFx9RSpAGo2Ya1zkzSrT8oZ7E6nJW%2BGoHYqnsGJb1zF0S4aNlw5I8MHuOy8
2024-11-29,猎捕野猪为什么这么难,201.1万阅读 | @新京报,/l?e=2ebf1ypiitkW2mFTV0TvWZDTZms8Zde97p6tEuEyHfhlTU4aMLnrSoIx3a7G8Shnh%2FdZSTVVmwktkquNKofirpiJLaOGnne1%2BHEoNaIeZ61dN0Xld1j1HnebTL8udsyvhEpRH34Dh8oIgztzP98wjGyDL%2Bbc852LkyKNLTjSrkswGMZGzZpXClMPUXspmxsdYY%2FuI5ZuUAU4m%2BEn8J1eD82OYSu6AnA5X9d5CVpbyBUzl9gjxHRCKe6hY5PimYP0OY3Su%2BErOGRc25bap64ZL5aidVc7SnMA2tPFkLvEBsAG5B9c9Rl11j0H%2BWq%2FwQXe6%2BrQTV7nRv%2BghoI
2024-11-29,人民网评白夜破晓,31.4万,/l?e=51b2R0eYIXmBp0WEbD4By91Oiz3FxIZ1Rhq5cUTwkYxARvxWIAKDgGiT0TA%2FatEmCDdW833UFf1uWg6AXA4cXV9yljvIXhTnd4bLpwgWvSRzj8C031MhUr3aPrlJQBShIvu%2BVuJV4Fpyiu%2F6RFoeVJZ%2FePM9qCWOFCr6PQ6uuMsrm0V%2BQdgeVWLVB0kdw1iNTFXQrPgidAU82p5jdWgaAF0T%2Bt1NXWkbpGIbu8JycaaBzpV%2FbT%2BuBhw4o%2Fk3PlVTbpyTiByvM0SGFQoKHMpdZTYImpVfjirTslaPdqM
2024-11-29,春晚官博回复檀健次春晚相关,晚会 888700,/l?e=4e4b2ec6WuV%2BWPr6YlPFrX4xJGY0QAnXN2BLVGHSOgcY692dl3aGvoiwCMERwlBRYtCOSHsTDwo77vU%2FXpYZYbB%2FTjY8oWeMbPZuFzcBccET9MpcLDejAbyFhKfBWF9slxW18DlB8W9nHgpao4%2FQ8IZogNoUoHdkRdkepeYt62VxsDFB3QE3yzKYVC4khfqpgL5QQk45adc8EwYrbzh2inyEjD9AZvLolZ1pcj%2BDrwruUdiI8hWu3GOXQpEo1BgXPAZ4slsTH3T%2Fi%2FQVc%2ByQPdqvSVaVvrFaKQ6X8N2cftYUdF2q04oQjO%2FosWwzaplX4k%2BIPk94Sq3LLOvasMUhnBg%2BTXIeApjg3OvF1ZiTFejvveJu6alNmKAiq73oEWybTEvf5KKkPrs
2024-11-29,悬疑片的反转应该这么拍,24.3万,/l?e=6773H6k%2FukQ23XUN9YQVuvcXidL5eYfxe5aZtRK9c0o6dgn1g5DvFIVsrLCwJoLHYW5OEsIgpFxI5PTmOSLfPAMUK13GHh6uKAkF36rHvv98p%2FuO%2BoxAxboikCzcqR4LgARGyLhllYFNKzrFbfIeAZpzZYoCtBVYWTvPgg%2Fry5bV6crkmQwY%2Brd%2FBGmz3rZbljFBoxgZ6v4VP4KWh5dST0TcD1QSR5kKqb1w88%2FRTRgdWEo7omaTb%2FVpIPXpJpfHt7%2BOHmpWJsaqRRx72LaXM69HKj8GvkSvLLuO0t1PkYIqoM6pU8948IqzqTm2682gWSh9oRjm1M4QitefWJvD%2B5G3Gbka49kjDhE
2024-11-29,Baolan晒传奇杯四强队长合照,21.8万,/l?e=f135Qclw6zw7JOjETezznH5JQBdOxhSbbBtM2dYj3%2F9%2FhKVsX%2FTGvobw8YkKCfNvjooSxB3wg8bg3VWEmNJvUX6FYjpJ8IdDdNPf43WXRN3GAfhwLafJ9hwxEnDaJMYQJCvJ3BYBm%2BNg%2B7LaxGkwZqmaiVz3H2aQ7slI%2FJqYcVvjALU%2FzgypWvnSB4Mi7uMcVy1ftytrino24pDp2KgvLVDPIBvQbEdJF%2FJj2vqtcTO6frGKGy7RYCPLFNFlzNU95XQlIf9bNIfslFopmEJVNS2h%2F5OcI26%2BSD2VQAYJ07671jySZOCn3ILnziW2OpTAxxEUM8i2UmyOYr0q1GG3h00
2024-11-29,小鬼王琳凯风尚志十一月music刊封面,13.5万,/l?e=5aa3AZ7RjNCT%2FFROWmSqRA81ijgsje%2BziuJEnrTrPj0zL%2FN5gVHH0LvbCXitu3att3sba3c1sdZCgd6iDLLIe6YaD9hnldyhOrn99XLbYvO6Wd9zaZvax%2BbD6G3xn%2F6EZ3CulaDZASDpWMZOtNEHzWH74Kqkj0RXFIwmn3%2FRL%2Bmk5AINd4N452DqYAvDIDBuK91VzoGbsaeMknrtEJ9aMB6Nj2JvgkWhQxiUW75iYzyed41oiJ4dL4%2FTqNu58txvm%2BpbndtgiJADKaFE2q9AaXuWLlqTWCvhVVXM0tkixxpcxBQwlaVCqSppGcg%2B26I%2B4niI%2Fc71Yj1s9QE421leC37CPzAkwILeSDBLV%2FnT4O53qFtveLQxhlrYl%2Fwsjn8LjrdTz5PcoGh7KZ6Es%2B8ELU5ud1bw9yCQO99Vvg
2024-11-29,金玟庭演唱玉氏夫人传OST,16.6万,/l?e=b404exnFV36wyjuFrqyd%2BpDMT2XWeDhommpMFqhjpZEHpfI68jvMDkcaYNcs5Eked4dZB9Xce92SYvyW8ZEJ0rjEzSjLO%2FxewPyyqTi4L8HHs7cwP1iwweucqTJbfRaoEWhY9KLS0%2B2tHQ6EfgxnDjv30ITfVGxqqiw%2BA74Ex9M94F3Etn8UytcSGd6YDA0RkW549MpHRcdDpWBxZxr63QaIcOYEUcU%2F4gGtVSVIRKdFJve7%2B9Pa4JAwb3WjjxRMlkXW1TNj3b7r6lOvx9s6r6xzVHkcqiTdGUzz4nAwvvpQldCqgoLmvIPCcFoIbklVJTh%2BY4FQB4pHKttgbFU
2024-11-29,打游戏一直稳是什么体验,22.1万,/l?e=57271lsJZobqNoGfp2CepKuZrgJv%2FbCKukTwe%2Fhb18CQYMFir7WIooya4vww7YF6d1y6Fxyaionfwnd0YtAP%2BeC2xn1iC8wtMja5qoAEa94Cer86DrrvpjXNXXI8QZlu2M3JY4h2E0HM9txFLI3PHeuEkVCkDP0Uydz32%2Fk26%2BhhQRLBk5x96FFPC6Dh4Tgqf7wbcNlHMzJeMscRO3clweKkgt%2FkpokISJy%2FeG6EszJj%2BPLWlu29kqzWGi6vYGOxCm6h1fMZOTojzBZ3g4BRqvF%2FR0KLDqNyUSRSNwJVnLQQOFDlye6VDBKHZX%2FRA13Bh7Z%2FiQxG0j38H3Zp88pUoe%2FRIaahVYd6feo
2024-11-29,儿媳控告公婆未经允许在客厅安监控,281.2万阅读 | @大参考,/l?e=804d4gn313TEfY5gQPVxWsNc5jBKEZVW1yUn6czF7flmeZ02sxPJMJN955f3NJZhx6G2qzygLkn%2BG3cQvlJ4U5pxS87Hqe6jbXLpi77EfVTExq5vLHLgH9%2B1o0K9HTiXvpX%2BxqOdVXDQ9ipEChP5uX19ioCc%2Bis4oSryHmUPa22iMcMlKN94Z1kMkUce1mmdeabpI0gCeG%2FVWgcGbLsZ%2Btviv2LwozQrsDjPu0ngQ51AuzUSH2tuJXV0di0VQ9%2B1GFZFkgY%2BsQ2%2BTHXaOypgsxzyu886lb1IDCIyJrozbz1LRx0rwBHT6gNkThPkJiRtCZcMw3C4zwx4sQiOtDBaqSNwxDeoujJ5b011a2mBA2d4c1%2Fx6kHlSne%2Fyk%2BBlFjPBsSJC2mBHXA6fhCannqT5bgYli1ffnsRcR8NEAp7pybybtugqRz57Gupn8Loh312bpN0Lio
2024-11-29,蛇年春晚标识有什么寓意,700.0万阅读 | @央视网,/l?e=d5327v9WtOpEmwdhsaWIrqbnFr%2F2hYFFqeYEgcNTbcSp%2BYB4LYCZ22qrLZGxDSeERPVyRK1%2B8b42O2xtoZG70sqw%2BDgVw%2BnSFVjfjniX5GL4mA36Gwk2WScaLu%2BdEmg%2FSBrMev6qDYQJjk6RH38ZaguTDwism0WJcIOMm1uLb23%2BHHoCvcqgeBm1uRXX65Tp%2BF3%2F59uIaZ1r49ZJe1BSaIRXXHEkHjXoyYtbXDtK84d7tjCxjca0VomX%2FesLO9AmEzIGvQGJUGsxwVaxOvXeEknb8BMMUAUSAxkotOgx%2BpVJwH3TQ8Hy8fAaMzSkcxrCBqOjHE3wCpqfDJDFtMxDq3%2FK%2B9pUj5xRUhk
2024-11-29,贺峻霖求旅行攻略,综艺 207666,/l?e=699aZwifUg3t%2BdT3wO0Ww1cMb6eOpDYM8ZI%2BHLDsR%2BDJ9USFho%2B1mUTwh3kkm9IZUwbCx%2FTWFadOUc%2F50gO7tqhdELCzLndhuTKndPaqzIZXpQv5Cj2Pf5E9TGkkEBeGeSsMfKaupF460FUE1r9C7K%2FoC2ctiYziIhWKP%2FJ0Xjcb%2BMVzqwxe369BLlfE8rJwlwpZDBLcDmo8khjskP6uO%2FCfI1%2FIIFS4fEaA7XolnABGxP8q4WQ91a8IeWzAB4l%2FasH8kKbDh0%2FvqSE4R5p08%2FN1xQHvUwPBMow0gm4
2024-11-29,一降温就流感的体质怎么破,23.5万,/l?e=d1406CKigrMPt7%2Fx1B07GLBhsa5wsytH3LguLP0stgrwfcuoIqzg0Ax7CsfUtgxjIwEpdHQtSjL5mmtlBQyeBoLiebYq561zr1pcJhwSGX9C%2FFfWDpEmFEprxo62lA8%2F0X%2BGOIJ9x%2BaCZLdGlVkDmkW5Ok%2Bt%2BOxeUUrEyMFduBBDwAx47O4EIuiN9zxJKotvhVvzLgruKFbqYj8XDx55HdUrcdmNqcyxuHSAlWGwjaTbtfW5zICvzXLV6pmGF7z9lylK0fMcUSPoRti8k2qLEI5TsGSE7MSYBZl%2FCjX7%2BbVITOGaV%2FS%2Fq1W%2B8r7vG2xcoQDlGyMuMhJ7PiyV5yj1hTCD55TJ%2F5liV62b13gwXn7eKRP56exZPRU
2024-11-29,黑西装是杨洋的统治区,13.8万,/l?e=17d7oz2zcjF%2FqBFpqwyWySFDEatMr8dmLldwnaQAyMBOYo2rhiBIZSlK1kaxKDEegxtk0p0ggKyMchj4fkURDuZqvTv7gOZNv4psiD6%2BV8rNfi3ef%2FJelqMpaObgU1Spbrl1FsoSvac35k2tzM7DD1D5oyNNnIWIhFlS1DlmASr3wJGwlV%2FXbCliTo8GaJ1MR6i3a94zGT4XrSxpls3T2FJPSzUdMkhzR0vUgtBXz9XkTvumyvlT1miCkFBQM4AOdOtV3IY8%2FMrm0CqNfCScbBpPGM0qQqcSYYJwoMhxh%2BUHrBFZu8Bxc5e7%2F52EMwMXH69tH9CDABclPoA
2024-11-29,郑思维拥有7个世界冠军头衔,16.2万,/l?e=106eZO%2FGIhLXXALxhT5c4s7WCMH9JZfBybsxrYfHsNPh1b8ZT9NMVnWfIkWY4VwBa22CHYTuat8RjOZWizblHi83H4mo%2B7bJA0cMyF2DPh5GvMy5uvmhvRW16qr%2FZPEQG%2BjdLsBYekqtO6XbHYM6utOXa9Q6rVsar%2FBXXu0ATo5FPSBmjsT5K%2BMxBPwagp2Af0chN8dImTGUTWfD96vWtTRljvnb16tqoCbi2legfLrkt8hJIacik%2FUR2CTfq%2BcCw%2BH9T5f9zAPvXaiAgRtw%2FImQBxLHpwqIMbevWlsfXoo7nbYHEUtA3dTiydWFB8lc3G2dEbqkiSpOv5DYZNxjkuWXDCk%2BjNGhaC1gYTIOucIsDDslY2nB0Z1r
2024-11-29,中俄第9次联合空中战略巡航,12.2万,/l?e=6716K5Jfbn3HRQ6qI%2BBpvH%2BUJP2DrsSynLqjViwDlhoLHCY%2FIQBiniJdcarK8t2LcfHOdp%2FiHFVf3nO38WR4viNEUJdH%2Bq8xGK3Ow%2FxGrdvnk%2FW2cPSdn%2BHRN%2FELwgYJKNNCt%2Bj3lqRo1PvPS8aTxaifBT2QkodIUmlC%2BiO8aAnleCh4uV%2BeS4IhUV1m9mezWYVvKGE9O690N3rCAytR%2FQFnWX1e%2B%2B95gijwtwyxvxDbogTPaIjCsmj8FfX7ycztr1QI6Lp%2BNHt5j%2FlhQDGHSO%2FUCZelswAlc1PqwOTYtkGnKZsblH%2FR7PxiuNkaz7WZhTBrYo%2BpD3dJZs1oqueimcaVy%2FA%2FQgFYMnYDWvLR5RO83yFxjx23K%2B8v
2024-11-29,王勉 现在是个综艺咖,综艺 111890,/l?e=4f48vFG6oRYt%2BNXy4oaeL6e0ynN9LounOA8MYqU9T5wZZDMrI1sPhyblcZhchu5XgLBNzu6cEWw1%2FbAhoUqb%2FSz5ecMyz4qp0tb%2BrTNw7YCFA25LO6L2KSDvS7wpM0Dizs8f7vbtg62KMUUml%2BKgauDWDKEDg95xXpjPJuaQACfTv5s3EDuKCzvS8wbpfKh52UJDOpuWCsKE5yyehiUWKnyRpJdnzKsJ4l5Gh8pOHnIN7Ma4VUUXXWYMnrZopVAfvcGL%2Bd5gt7%2FX4FaU3zdIv9yS6lJ8wVMIW6n8W1Nuyker0OB41S84I5eRdVJjLAg
2024-11-29,官方公布冷藏车厢内8人窒息死亡详情,401.5万阅读 | @新闻晨报,/l?e=dbf1JtydXX70FWeJ39Y9EkK0jacHN7fRonvkJXVvyUtdGHTptwB%2F9Pd%2B4G6S%2FcLAP0bfbd3aVX6t3nXIX04oFyQD9jtvx5WyilmEg8U1tXto2W4Hn9AwEbhfnYzgEnDwX8nS1eJhh6uAOkkPLSeU%2FzmgLGfRX3xMHqCJXsagXAHE3iPzsi%2Bv3gR6BuzyLeKa9DAIGcx%2Bp00hz2XtJIjB%2F4Ai3WioHq%2BoUPYHpEiWW0jMF55MAE8hDH6ySbQWCYdD5G0xm2dzj2acxDfcNk%2B78msAKs016WCKDWiSmYYxczCqO9qReG2hr4iniO1TLi3aPQRnrztyqZ39yRVaeTRNjrko6%2BjAEY7gLm3B1peANMeFL8QCD%2Bnu3BIwf39nPcna676Z3Clxu0MYE5%2BGUjBoedORYrsOL3ijKNvu3RmeWxiM5xrvVRLDTGQEaCh4cD48JIyMWfnP
2024-11-29,欢迎进入中女造饼时代,12.6万,/l?e=ce8aKidrrLGWgCV2731MWIDy3PmUG5wVqQ9ePjPLJ1ON7oyUsrPwdsVBgdKCcauRJyHOvLrZJzdWAZvwBrEgSnVSurEGsmrSA5UtW%2FF8t9xs6ZpKcFlchk3nxkmW7c%2FBEJnrwyP%2FnRsChoMJSf8AKOgxtsrBbiM6NGkG5R6hbXnVX6n43AeTvFg5uG2WWUP3Rrie7p0chLkarkQ%2B0NQRbQvoLJXqKiRdojO%2FY8HCX%2FqqghLyJ5cyi%2BA%2FQkTJV84endvsIizXR%2Bjr%2BEXbgx6ny2A9t86hxHfGbMoEtiE22%2FN%2FFtaP67YzUFdSys%2Fx7pThos6MZrfKSIHm6AI
2024-11-29,中国游客在马尔代夫潜水遭鲨鱼咬头,21.5万,/l?e=158aWm4JVUDJB81IIf%2FpuraAWeEdgciQSb5I09mJVKU2v%2FVxS7gpiETQX%2BJJAIs51q1AS%2FKHsG1L6Hz3Se5qv6uOiok02xQGfHyfkspn9%2BwhZwaTtfmSR8JGaiFoZJkl3UIj1%2FVYCUu4GZvC8%2FRbrMtk9uvpuXm%2Bl1xzXDgMmoRk2vBwB6MPhc4O3z0Nu46waHobI3FxsmzZtZeQVzCeoz35lEho14HweNkPx8tQ98lE%2FpIj47fzQxFNR6JydtHl0gO9HOU2b2nnaOuPbgDTKgCAruMasgDLI3miVK3OHObDiUPEFjSji560xODA9MXzmESQaq8%2B23omZZtJZoXAi1QdRQwbuPI51vBLI35R6LqshhhWYAgF4xACtTgwz6uaMTd0xjRX3fM0oofA3zJI96nRqjNu0Zsa87de9Vtc6eOghO2Tm%2Bno17CxjAdLm2u3NSbszjs
2024-11-29,侵华日军日记描述南京尸体如山,455.0万阅读 | @央视新闻,/l?e=fbca5bPMc0Cld7dMpzCRnsONhbKmdX17SfsxtB%2BwULa2STq4JDB5BZjg%2B9V1q4fhuBZ33WUdfpJwqzfGer%2FaifAW0SRnSuqYtP9iI9hmsFNVknbGxm6rfsPUlXp68nYBiqW%2BNs4o8Q6U7mJ206AIV88bP1kfdtK0m93cNa73BFV%2F47Zh0Uvz4vv%2FBF6HPSAMmZYRz7d5TWm1%2FZGhlBejWF9YjB5LomZSizAGZP%2FepmsWiTVSy3YtXe7wub8CCxeTWMhoFLOkDiOK20VDuo63k60qPIeqX8L0oOvXHTYauCJx0QYBQxnSYtV4HvsHqD8KVzeJsXGzmEYina%2BklDKktr5zfFkEIxhHe2TNkajczzivSUec9%2FOWIeysW9T7liELjxooWa3KwRKEjzr1TcoE9xrPS0FyzGE
2024-11-29,古巨基钻石败犬live首秀,演出 134988,/l?e=71f6NdwNxYQvWkN%2FIHjvB6DvIrE1yPB%2Bv12%2FsGWI989pabUCxqbMYmYRcTRAHl29wzFEXY5M9q17CRqHRpDShoZNc03I5IVkIy8BvTtbSJ7%2FiZbfpqcKqfSl5wHX1Kg37iS7cwIMHTiAx8BXyOFnCdHNR4LudGzjR9gGLWwzqWxO48z1M02o%2BnR60LHg5o%2F8Im0d%2B5VzJsm17WJxiKF6IUj%2BSZgK2iihZMx%2BwNPySLpnIYQNP%2BYO5aOPwk8cP8b%2BbEN2HcIikUVNf8xyGY9ks55P2LK8L6VW6RI%2BokMkrCJjk%2FsLGRk4AT4h1gP9pKwy
2024-11-29,巴黎世家售出8天后要顾客补1147元,66.9万,/l?e=37b6gxpI90XN7PiVFJ4F7mUwsJ2XKuROXyYwNxe4TmojWYy9%2FBjsdGSEwEYI5KpjKTVo2nA1DvYc7KSkAmYHjTNYDoVYEDzgVWMSmfQ2qcSas1SdOD83O%2FMrm5P3PH2k6APl9s6q3cHm1mKB%2BMfnmou1CF9rt2EFmBKE2lariU3vuCwqMyPsksD6oXOJ4eMRj6I0Xwgn0%2BHTfmEz3UBHhjzcD88%2FR3htZOdUad1%2BvajfqB1%2BNLXjmBA4TVgvlJOovFtEyiiJPOQFJ5DHhVfmLdJwtFud1N546oVfYzhiHU8iEB%2BlDQjDCJGzfOUDn%2BQVpPyPGPIN6vpWpuqTLa26qERVb4tcnKHr78Pc6BX0npEXp63iG4QpCya2Xkfhpv8rB3KwF8xACCWJ5LcwKw
2024-11-29,虞书欣丁禹兮意林少年版,剧集 137691,/l?e=084a27twXaDm1wEoKvM%2FbnWDOSWfQ2Cq6ONCT4WbblH91ODJGyoTyvH5IA5fbShi0b%2F8pSNSm6MXqttPuH4G%2BQ5pFcoOdTwwFVdW4PlfqXEsiM1Loz1E6yaWu%2BS7Fx9xxdDnHmWH9cfIyoVU7j4sG%2FEsbh%2FHKIGHk9B3cfQmMe%2BtOA9VbfJP4gED6IKLrhpYOk1EM4HW5i6o5ub2yDltpQKhqt2sL03MTnc18P6eY8pnQvMFKRyBV90WTUEAuEWC0y7Qjalkko8yt5bxEQk2yD1QX%2Flnyk%2FewAFPUAw5s5CVCwApDlBSE6N%2BVUcy%2FF7tZHohXMF%2F3jITZKtVrw5TaaxXxXQdDxplCnI
2024-11-29,TES官宣Meiko离队,12.9万,/l?e=a31fX6hVz5as07iWcLUU8uWIukEyj2g0uP%2FhXLUlkrZSssJl5OicoyACShX3z%2B3IkTh%2BgPufcgsuWvc%2B6F2Od2QWdpylo%2FDVhqweE8eFiFvj%2F0MVxAL6XVSTHpjodeHx%2BQX87Y2rj%2BJ%2B976Z5c3ujKlHVKc%2BTvVAQES4QU2h3JbxJxvHQ6BHq7ntsrszs3DfKo28dK%2BXzXNJKhlQXrLosslFpxJN0UB8rQ
2024-11-29,唐嫣灰紫发色,音乐 110851,/l?e=7261mvF9U30nYS91N7yWprXFo6wyaBmwNLdkmBvId0t9cBUVUiDsw4FEmSADi988jYsrNCgkwGpbbdirMKl5P0TvDWDgzymUHjFIEfeBsV2JxDlkBAjqVpXy7%2B7tUWNnF3c%2F0a%2FpWJOYoDknMfyufiywSkRkupRrggprFPJWsPHZF6e6zY%2F85V6K9dEhrQ9lqxqrRXtIRIcZYvD2vOlHDfHJeyan3XYpLZEgyOxDXqp9oanJZQxeCDRcMKYUlIE
2024-11-29,韩国人的精致穷,40.6万,/l?e=78b2lraRqQf8Fw9q8ZwWbKtyAMKpLccIzQGUpVdNtG7MCFJloIeE40VZkptonpgh%2B2MI4fGMd8Lzacm6C8%2FkNGvhJ3ldvsfO01Iu8GenFMQLf818jNeJEj2y5k%2FYXD5niPDzX%2FhUT9Qg3IiTwZOGnUvoTdZ%2FwykeCmAujLl3Yt3FuF7jIQ2lrGiQToYTdSbRYPsW8j6E9vJgwKHhKBETjjUyrMlUSS3FgGr2jMU1dCdIVWmKX8HpvTf%2BRPz1GwdfSQP%2BiwUDSv9MoX5VbKs
2024-11-29,林一长沙活动取消,20.1万,/l?e=9b70A%2FsLtEahUxaXuO3U5hBLlPspaN5RvE3H3%2FxOaOUGkH3tyDSvtNICECmN6q%2BPkSyVHALbhLmJgITMqgcGpkMqtbxuLNeq2fH2srR8%2BDchelvn8yCHJyYKCiGhp5pH3N35fDrXGktCXTXHxd4mgZ%2BR%2FxVUZAvmmp5ebgRZtV0t0iyG6KVumNKxgXnJ%2BPSXgZQMEyh61QqzLCx%2FnawyKIrECJNbTbmXWiLUDJlUn550FTNRS4sBPHpyZu7SjOkne4826O1JlGPnoNvzg%2FLjqUEwEflILmCppS98cD0
2024-11-29,年轻人买的水果半数是情感商品,14.2万,/l?e=548exe6N9TWJ9xc1VzrfvibueVLkWzLAYh35ZjwE0xVAsiRfyzptXNwQe8%2F9191CPu3bgW7ZJimUQKMaVYqX0O8fbrA15gg2yyIa8UyYt500i8BbV27RmjUxX%2BQgKP2T8YuCkSPYQvTZ9d%2B734PaSBCNxAi6njzaEuNMTxHjv3irGj%2F8iiTrk6LtjmOJBbugz%2Fvl1xayGT0FgBhoCtGr3HupW3zcqkL1W3NqBsXGgb%2BZYGuly4iiIMr%2B5RuBRENenU0roocYoVu0DH1jJL0G0Hue%2Fx2wvQYuV5DLrF9n6rmHiVSXf4ZmT6BwZX4CXjiOO2Y0OFpyzGPTy7OmGcXBUl0SFbpEyzASwN5iRRPKBq7B9l0FrYAl6lKpD8ZwDDhlPaDyknuKtklGUlYTcbu%2BGVO%2FWxrQGVo
2024-11-29,林一霸王茶姬活动,13.0万,/l?e=11c3PsXwCZblfPNtv35QLV2QGbDwRGVQZQQSWwjj5B%2BVYj2GaH5xwgj1eGHpJHxL%2Bo%2BOv0qwkOEX207zzz1URm80b7CnKLcUSHwmzBJyMDTxO7Fgwc%2BuuRgKFb97lmKdjlQHJOMQCMQf3BnHOuysG5qhFkfXnuW5CtDzj4RAvxJMet3KR3g0bGGQ10WU5gUX4MHstk20RCNakFe3U5zsAiNY256jWrxGNsIwLX43i9LFeJ5ZJLy5P%2Fkl3p6wW0%2BwcHGa7iWwSZ3UzBBWYupqS38ZUaOEB4taGHVYZeU
2024-11-29,侯明昊无处安放的手,11.7万,/l?e=96a3zf8CNBJnRMdf7rETap7UN0E%2FP2e9A5vXdce4Scaxrz4rhA0ZZ%2BvAEHI1p%2FY92VVIzyUEOTz7nLZMJSGawlstw1VvBNdJY7JCWaat0Sm2WwQt%2BFhk3BVaihwhd0vvUJGasSyJnV3MgDFiH5HDHN3u36AB3qawH3OGBIrU9nydTu%2BAnLof7UlTI2m%2BdxnsXRRqbVRSWWfWiqbjWUv0Ti1LlXuFymIOF7H77gwyLYY2%2FbD%2FBVFJthiE1uiKe%2BWzJ%2FyAJUa1nbN9mEFv8oh%2FHpOcO%2BZTT9MfXlhGjS0ZFgHUzI35JFNWPx%2FERw8
2024-11-29,上海体博会真的太好逛了,12.5万,/l?e=9360i5HBOB%2FnponRR9a6s1os2aLAiS7QjnrBqXAz9CGGqt%2FCDuBimGaCzWhAZMXxu8Jm02iW0H0XQskh4nAdEPnR2n70RUtwU%2BzjKA%2BtBEIH7vZc%2BRC2d6MSPjP9gKo3U0rYbDIFCYOazKwq9vqMSVyNZyDy1dsUxScef9dxLGX40JqMU6L4Mt4hi7wceu2WM5SrfDu1hX9u%2B6UQLFI2vXWRSCBE%2FDwKH26S2DsY9q5o9mq8h7x5zBUPQkF1pI6mzAcTVfxoQh5Y3uMAuvXXl%2FP9htzDrkv9PVKiG%2FsDkoTYAS%2FCl1lJQ0CpCM0XEu5RvRFb5IFQNV%2FBQXdsBl170JJe3n8rBHcBe9U
2024-11-29,容祖儿心淡全场大合唱,综艺 134258,/l?e=1d6cu8pFdoD1q1xw9tN2UuKz0NjbA8CSph088I24Twhapc9uXQ%2BSHkHNV9hKdyfp5NB5GnDavPIIdoeydyi8g8M8%2FZuOsnlov6dOlcU%2Frm1tITj4iXJG%2B43I8O9L1Hv7eT6ENjLMoaUE7HgA4PZxpCjuo%2BOwCqylXkHyod3o%2B4H2mDOc%2BJ5bWsQJND72MZ7lAYsmaSZj6z2Ctf9E1N%2FbvdKoU7q3KFnRdOLv8yR0WxRoLA5vFJSVCelKBCfcgUsfqOiFKHcVokliaQApeDM9%2FDZH8%2B1QWWmIGXnRimljRimhtBM9mP6%2FKmCQM6j0Ez4qih9rS9FKs5mEcgM
2024-11-29,王源头像P了个新帽子,17.3万,/l?e=9529SX8%2FhsXsmvDX9BgicKYG0GJjoPsTmXh%2BcHMjD5R49BUBsE5gPnKycyMRaNGe8m4fWqtaYXf3ok2o9X%2FSCYQpsFJ998tzC2tXvpjBBeEjZBv067mzJhUChbIhRJzT4QaQNETKMjEOo3nq6%2FXtOpW2D9hWih1kpH1Q1azmpXgcS564EG3yAGF%2Fb8dlYWdtAYbfToSbbiKzX0PpfKieYT7K029ct1XiPRSEkuQhR7AA%2B5xep9aniVrMIlsm%2F7aKOmJGbx4U%2B6dxscc2PwuEhtU4pWG4BKyOeqo3zuVjQWtZMWNQ9YTwwQ7O%2B%2Fgh
2024-11-29,再见爱人4第七期视频没了,综艺 334653,/l?e=e9edANpS450WH5F8dD%2B9PPMwKHfnEQVqZdD6Zk3dFJTjse4N6a%2Fp6SMz2vg8wErhHkGZLB%2BtQqX1tNqFCDQUhYBDaPajaqpmfFj7WpEboxofaJCbXNtDoLebhT4wH4wNQWcEbZCC%2BAIDDSuUgWF9OZWndEtAmlgFZ7OcXa2wSlIT94MV%2BbzT1MxCeBCmpAW5%2B7%2BBdCviMNNWksbAdU5Dl7BZRGs8ZIJo9KyicEJ78hQiOmFp7QNP0HwbVAihkJpBs2Cv1CR1qZaKO%2Fc3eUExncnSkcQDWBld7EVK5C1xgYuHTFn9tqOEJztxtUnwxJymMRLth3rWxjsl8RZFNq%2F2%2F7ud9OsV1Aq3O5vC
2024-11-29,优衣库创始人言论争议,19.0万,/l?e=ba25FVpaKWYLnkHJChp49siAP4RS5vF%2FC560lh8fnmDffzpmLjg45poSuZ3%2FV1Kuk27jK4DyjXAFNSjM66w98UQdgbVOci8ggd%2B1d9cx8J9b5zLCbTAKNve5V8MYWBxK7dIzILMTX3mPpy9Qg0NS4eod4W8cuHxPs5psvGbzOV0HkLvd3%2FNZWdmYxyF4X9YpY9yN05jsSQp4Ma0ULXELu65VMC4zbt6W1QJwp7x096iisS7qYEFxgxlxF%2FiTLa9yg9bu2StZIZ5MgTrnUFaELfgdE%2Fd2pjQk6HFX%2FgGBcgmMblq%2BpmD8PbXRoyagS3tJp5OZBnRaXKyHPSs
2024-11-29,丁禹兮看人深情是因为六百度近视,综艺 132684,/l?e=7dd8McnHvaO5yI61adruK3a9H%2BQth2%2Babe%2BxFp186ltLRCEt8a2WzloPp2RdvSpZ7KNxfNgTDRd0p%2BWPBK5K0ThZkh5blcJmCu0G4%2BUP7QiDHcIk0ouU7FrNyg%2BakP1HhpOhexDcq9MTU7j6ioWyOfP0GWRMRfcjTmwq5CDoIrbDL5O9mPoS1ZVaZPnTYeSlwUfMW90UBxG5lR2XCMbbn0USomDRN%2Fu5AX5iWiIovBCU6%2Byj4r2m%2BPqOp5y3zM7a%2FxCjjiCE1VP1derpPZiTDLSHCHvwhG3VbkyHclebrv0V6SNOsQ7KNTiiGNmBC1HSCYBHrq8AE2hB1CjOvjr6YTLKmC%2FGHr32br4tRXBSANqsY%2FBv3%2B3a0E1MTLERvoX0OF9vPc%2B9InIX5cRQdpY%2F4jLIOj%2BFpE2OCG1A6xQZXiVVep4ArRw
2024-11-29,奥斯卡宁荣荣 新还珠格格,剧集 123615,/l?e=b04cvF9Cb5iXd2P3V3D6ORZ26iqZc8INH4k4DfveUdAzE68Sbisc7uNhAomktC8loYBgkcuH4f63lFAaJMl%2FM0PMJ%2BdQUeIjQ7JJYNZcN7TlJnBCaUkaB5kGvnfuM2ErDCdEFtr%2FLAulviCag9AKcjHFMFszUR69UBs%2Bf0Q4DnbuGEma5ROeVRfKCTx5hZkX9XSOKKEzIK4nBET6WXwIT2Gj9qLBhcvQfwADnYrJ1m7JYkhxbs0dMmoYbgR7g%2BxluBtwfuyK9UljoiOrTRaLI7Jqfy4MSoGIO0iHUmPBRz1gF2CuM%2FQXinPrGHwXYLW5KO%2BOgRanIoS9%2BTYdjleECgKQXkrYpayZlEhLDnw
2024-11-29,丁禹兮 包治百病,15.1万,/l?e=e3f4LEyyZmlLsZd0rcyJGSHSh6RYluAnsV4f7cHj043mGRsJ9%2F%2F075pU%2BL1rU9XWJvbMzxqHxxLvsAqC1ziBCwOV2Ycf4V0WuSAROGEyufDuX1QYiucTTlyG87bfK9qCGuBRMFL91e5KvQ8jeeydYWhmmGL6l%2BkUQb5L9BHBM3Mt4NU%2BGt%2FO2yhz9xj9u6QE%2BQHmBT%2BmqVfqN8mM5Xux7E0aNLgLa4XlIm2l%2BcyGDfu7vJOMb%2B%2BvNwtJScm7FHkTo6dRHRlBwql99gjmf%2BRJmKI
2024-11-29,孩童被未拴绳狗咬21天主人未现身,297.3万阅读 | @百姓关注,/l?e=7d9bAPIIdQY5I0%2B%2BhxKRnz2Gt04ALhWtCtof2sSju7712smV4ybMvbUQlAy%2Be0JtkQyVrF1Os5dnIi4eTa9KX7EEU0uSAvrQRr6A32BiGT%2FDQEnF44liFEy2KMthgXG7tJUQeykYxPajI2QPRXMamCLJs20X5lf9lKkat%2BILNiivuj4vqMqp9t5SOFDwGf9KRpR6Hs4hvoA%2FzimT2XcPqcPBa9zWirRL0nvduirllidVwjiCD32RyBqxAx5EZpSFyIrlcXOA%2FKqUgZel2CuG3VY6qIn9ANrWkiJo3krrBZ7YOuZ0k2vE1DvY4iUo1q8Igt%2FYO4q8dXHRK%2BUJMhSbtOl2PmL7w5gf2QKAnToY3yuhpjK%2FPH7KFN4lpijhIGdOyiSRjNK0wy5NnpaeWeJm5vZz3W9pG3jMbA
2024-11-29,MRC对战GW,13.3万,/l?e=fefavUgXOzmN5NZQV%2FAVslZrFa2CLy5QzohIF8RzMa%2FMlX2YQIxkwuB46YRIr3a5DthcZQbgRjI6qtiwUGjZ%2FtbVxIqsqCddv4Bly%2BQgVF1%2B6xlKD9kBxsibzEyex0vQWILj0u4xTSC1vCpNaaAGxSO1EvdRRSrdxvwfxUQqGJ4vlxeYfirLJw
2024-11-29,有毛利兰陪伴的夏天和秋天,18.0万,/l?e=55286px2Q5asW4kN5OhBXrqslFPIxBp9M7MxFW1cGRkNPscQ0p7uv5vfirrtkDRYChRiH6cxFQIHYD5Inrs1%2BfeeqIKr8aKFUICA6DI6%2BQiKKc3MOQP0GOhTbmokke4CvbC%2FWrACOM7VvqkR4zDZxW%2B4krcNcD7ZHTQVLpXQ8pcecQMPd9RJh7Sumlzkb6E3PnszF%2FZ%2BrRrRGZCm3aLkJKe7krjAvY4VsEh0NKoRgas%2Fm9DTVfwPuY3uQo1JY0FJHLkHns%2BYFIF%2BPukHGqDLCuUzKJhL1XubMaGtQfgGiW9L41mHOF4jEBMyRL0PeGVF3l9xZr86BuJrqvnCZdZbmQLunqi519bM3n0d2mP0uKWqm23gi5Ni50g
2024-11-29,南宁一家长称15岁女儿孕期被砍伤,11.7万,/l?e=8993zXZcPgTlOMVM7JX%2Fj4pz86vCgEe8i6EYnWKt3ySt5FeKX4Mw6VNxlc9PkTEGUeavZuSt0ZPDCA1Kigmqo%2BCwQspaq%2Bw1VmIgRax93YJcVD2kkmfUb9tThyoyMk2WfrYEIQKc%2FicBPF2dJSSgxrXYidzOjvCuVTH83yD6WDhQ2tc6ryHlCbxmCuTmgtREZHE8GqS0XFS%2FGLztNIezB%2FryU4FpGgNrOCY%2FGODVtHM3XtOF7L5Hn2x9fBONy3OAMDzDZmLmknfE2TC9nKSZ%2BuYX0xPNg3jWGwBSDdVUzCNh38w5Jssu7eUlEJOXugcbQB21ne5464JpzqtKFyB1dsJwuGrn24WExnVSAdspPdBrY9Lj6GqmYatLWhcho%2FV%2Br6T8R80AE3BSc%2FGriLZU0t1VYpmuAnPaUg
2024-11-29,杨子黄圣依 人设,综艺 110717,/l?e=0465zkPtND2kdU8dXtgnetYnpWRBtYAQUqU7RpevwgXeVJibDgLd3o7gilbNpa%2BLEFfvK4qrJzXjQIVa%2BeGcP0x8LePC3sPCsGvDA3pmZcTee6pWYRC7%2BxtK46QBJCeGRvwpPXVpQvdLirI%2Bkis8ip2ebRdRvhOC2oLMBVn4U%2BaswZ3wvXBrE%2Bb9EZD7tY73KS1j7yGG2NscQMoGyg7f7MlZSNTZCXraD7f80unrJxDoigkIeT3wnpzqBcHnOk9w2dY4XoAFiu0NaysdY9tfAWo
2024-11-29,张予曦 初生天使,剧集 127019,/l?e=51733LDEpwlkT2U95OrSq2S4pnmsg%2FFPya%2FAGjs9mUH%2BYNWrNabulbz5%2BbuGL7UQ4npTefM85piaDk9cGtoyxGZ%2Bsx7yXCOF2gBIyz8S3g2cuf4DAAqAClhTvY7fP3eFEk8wzzd0sCrJ78ttBn0nohy4OWhFBwapIwuTKrJwh2A8lv8upefVQAMhegvxhf1q2dDfHfNcO5wwsWN%2BVyGB2l%2Fo%2FcFqJixrkAVgP4Rcffy%2B5tCZI0eNRjPzUF61aZR5pksmxZVUSfkYwPXlnqlyyCc
2024-11-29,3人1分钟抢劫金店价值千万财物,15.1万,/l?e=e342BlIWxC4nCPk0wMIhL8T8Sx4uWr3DN6l%2Fw3H93xHiJ0xfjhiqgzKTZdsW10d6Ku2tS1DgNPx5f2YP2Wa2ZyH5cKDR3rdWIBithmYkQOmwtARXC1NoKB6c806ypRzFBrryECziiKSwSI1nMt3Ynf0Pjc87ByVa3YWV7mLLBaEXt5SIwCK89GlW%2BPOe0EcddLDMv0rVxZLnEmhs5SNoIkPBmoq3DMUALayRdRxUynjPYPSLb9yoUK0x5F6MoTIObuo07Ulwp7zYNYk9d3xJdfhfdUThPXnqGgP%2FkulE2HkgNYpd6IBn9vrOgW2DdXOjSeOR5kW0tZFPgs1wO91yjOP2Ixy0IUm%2Bj44%2BIaYTnttAysa4P30ypzzk0TRNfriP1FeFroXo7Kj7rQ
2024-11-29,派出所回应山东一金店被抢,721.0万阅读 | @大象新闻,/l?e=4ca1j%2BeNgRUv0iVDkikzE1U4y6ueoKezgqB4fcEpalOlphqPM3cTQ00ezX1CRkE05Pb6j6O83c5kPmr5dEniMv%2Fob9zZ2gyw7U00vMYvUv1b0qrkWXHm29N8THZuZzF4OeXfD%2BqjlTj%2FLmrYI%2BkESuXMZ8cRK8eRBd%2Ba%2BHvrQA0jghWyIN6fUzH7MNOryswfPl96kc5ws7IhUlJ9sPvErVG5HPb703yBohQczTdHdhE4y3zK6nsxFPSp%2F9ZMXrlwPDhuagmhip1GWz4SnPbpf5O1ShS%2BGTlbzrSTg0WEgZ0sESEwMIMheOih7kjEwlCRuRtAWCceVL9%2BSQRLHDEdq5fY426vof6dHIfJRmUvyHBsRPxt%2FRV8G3k
2024-11-29,珠海户籍居民可一周去一次澳门,1021.5万阅读 | @珠海特区报,/l?e=2ff2Evy%2B5W8Uvd0b8jjB5XHnRMJRCKxecCMgpEnjKc3eosm0xwgm2R1yULK%2FQFGnHnnhLh2T9bmsV8bLay%2FzYDIQFw3ZlYpXpg7tUGz2n4R1wu8hn3fi9fwCjfHoreO29pxdiRySmw0Xo17EFKO8QZa3mEFEwDwuTEbjG2JCDCB6%2BXwUK0zPCMpvClTsXmHmIsqBt39bbbXf1glEHIOUty7uYd3%2BAuo3%2B3MvKRLxv6oS%2BX8QhoaeS5UWMQSONbJAyWITKGYRLsm0qXX9WaBST2DCW%2FW4q4uvUWx63m4uz46eBFOVghNcsJSDUGA40GtneBaYMVJTRLeSyxs73vyBVBH5lXH7nv%2BCZs5UY5HaGrOGqv2Iq9T0msbG2WzKDXlpWVZHrHRm3DJG5HsjqGepMjvyXZMuIAI
2024-11-29,蓝天救援队辟谣外卖小哥海上送外卖,,/l?e=8953BGzCMGiwVWQY47ylZuzPUQPC%2BcKcqPN169zww1c6ez6q7S3jUz5z%2BjoIJCsRIi0gSuT7%2FjIs2zWm1dzYN3SjjQE0ShhqjZRDET2BcJLjMKSgCqWQsu0mZjNlCbVCGUnlmn283LrmuLAyhyGVBeC3qWeJmlcdmiD5rq4SuuV%2BJjOmF651LdI7LUrxCB13RZ5k7NZr0UHy2YEABANqc85kGGTKGz2I8C%2F2Zo7Q7OS9QotbAPfrfOXJfoKksc6Bv19%2BPwTBvDdQeOaDC3kCig8hbTyiAyHBtQoHnxT1w2%2FeGHa4Y8NEG2DBVfZ6UlKxqNUBg5VFslC%2BYnctuZLGvq%2FpHN8DuR09%2FyQrcbNdpsUdSMdqY3LIS3yKQUuRsmKp6SupoRe3gWc0ouMiSiuGyPONf%2FekaXalHRwoVtrFdBt4L%2BMljiw2sJ51XjK%2FrBRlUeiiLWg
2024-11-29,卫兰她整晚在写信,综艺 136195,/l?e=bdb7ZpELahN7vnO%2FnJyAysKsB65HzaM1DQNelQKfB6flE8MrPIEz4r6pYI4tGJb0o5%2FIWJ7H3lfC6BCRZtumfqV2JgKb%2FJvlXNlVo8WaHDh0Dr3ThMTs7yb%2BZ1uGOm2R5ZF3ZgZT3%2BQMW0V%2FW1oCZ9RyaGpDIi1est6qyFJPGS%2BCbnPIJDO6wlcqfNk6UBR49K2RWuRmf4LOmyUXwvyaKIHWmkexlzb2rOYHsr6%2FOJqt8ITn7PWlswEOCZkhGaSS32%2Fjgjylcp76sleVxb%2BsTD0%2FzZb9P5RiElJ67cA
2024-11-29,鹿晗好拽,37.6万,/l?e=765bOESaPLOMWgTk%2Fa1oqz90BQqmGHstkYo6%2Fp%2BvxNujWqZkpLWU20zlbvAPNroplRq5e4RVIoEEXwutOc0rxr%2Bme1lpaJ2C1Goq3uPS5NisP1Dj2wIEslS2HcN%2F32sO5cQvNVpCAsuBjp7OiBPHwK%2FHesa1KURANsXKIJWAdH5Vp9iKf2FhpkanR6GTrJd6iAE8JtRpSH9895yylBRMPrc
2024-11-29,108是法考生的幸运数,16.0万,/l?e=d7efnmdQlQHm6fLxyP7AAssR9dsegj4kc0RYDoU5EnK5mxOW%2FAsyegZNzJuHj6HnRNQfZWmZA83BmLeUFAWlzZhtCCd44KTCeQKqF9E5VqESNn8EJHKIDXXW15HWrcv%2BA1odL27iKQHT8a46MxSlCJC%2FmN3gD%2Fqm2yVckrn0Bs2ZTt8M2yZaz%2BTsItM%2Ftg1iIITWFKN8adTw641APy3BDUutldx4dxc%2FDrfQDkIONBmqMq4ck%2F8HgpWaXRuxH5EwuLEZvKNRqMDDYF79mgHRaI6xPnAzkpT1UsReOevOVFY
2024-11-29,NewJeans解约发布会后首现身,16.5万,/l?e=e3e9Bi52FuKA9ucQsgyK5mzsAw5rQWV%2BnNEyapcUm%2FvAZl%2FJ1C01kG7tnDe0y86c605TeCQplHkuCQV2cJF5WuEKFau%2BSPyZPSdgO2jfG2w5wM3DyQhT3DJsS4DmtA1yREFH0s7iQwUq392qKXxIf8e8aC9ZVL97jLBErgOY0icheO2DjCAvzYuLfLnmhAneU%2BHvvwlFPafDNDAUiTIF4TwZRT7e%2BwnsmOUbzQjookGpjwqdubR9LL498%2Fk9nIPfHNkgcPmwjyqyUIgCpWYv2XQUMczle53SDbATJJmM%2FlialKpkzz9RF73xJv9wy0ACnfDreQ
2024-11-29,唐嫣COSMO文艺女主大片,16.5万,/l?e=deaax%2BXbu%2F0E8ioeBxmnB%2Bivk%2BiMOgbNbRxSWQEZLB2bSzawXXDyXPOnxxC1q09kgol7oZljlKZ5FT%2FaBAhizfV2ylWfz9V0yQ%2BG66A3VOyIRTHIfa8Sd4TRb8jJxiZHEYtsO0pIA29Ju9G1qk6Ih4yyyW7L8ISEdQOpnNV46JwonIUnlMj533pml%2B525DTJpd5U%2BxE9864HiWBPo32zZ%2BNeAqCNmiAFZAfoLnRGSQcIkOyRGxuBq8%2BXnHPulTCjN3zbPfwk%2FOm5S6csyWgRNu7e4gneLFp%2Bboj3Bky4OSiN3g
2024-11-29,何洁时隔十年再唱rap,综艺 181138,/l?e=8feeKUvZraLT6uwTbLR0wMskgB27fcXb5%2F5Ub09Y55X3DkF3B8x1oKt1Yx1jZegTmuLdQak0sY5z4BZzZot6WYta%2Bb3LBfM3pyTU1VFiwy6RFvPJmpxA6oK2ZqDJKyXtGYn9%2BktzHvSUApJnoDITYy9%2F3%2FsLpS1kcyQMWXSkqcRK6H0vk5NMS9f81E9JAlD2v4N28JvkHjugv6ULbUy7F8jFEY%2Bppd8S6FEHtEPAg4BClWR4%2Biv2jBCKphEyeEkcI2avr07TvXWX%2Ffk3Ao4uDB%2Fvzhf8mAnLhIhVaGUnx68
2024-11-29,古巨基cue宋亚轩,19.6万,/l?e=bd28wZyByAUNiCOIT9I2rhb7xq8rXrpwyRgJbis%2FqTtjAKnrwx%2BpjfbjTL1E7FQ58eC0luxorCi4HGtL%2BGk9Zq6o4m93kWgndhxWEDbgSSjwJh4a1FwEU1juYwroHCLzus%2By%2BLgdFe0tTjmuEVHd7sVQNooUZFbKelUVUGMWqFjlNbm8M3xIsxdwKluwkpBGEjSd8ZC%2FoIv6baLcuHFSBlTbFYKTnoYjznjL8osISPHjEqRFul1gA8Ox1Y7kNovylSE
2024-11-29,WBG官宣Crisp离队,12.6万,/l?e=26e9TzoULeNljPQwTB0a92Vsrwvh8YGbH%2Bff2zg93zR%2Bs8Cj9FEkfukJWjYdZcxS%2FmomBZZ5rfPvI27ZfG%2Fbv1qXv0gp33E8oVKPFT9K2lQRgbsCQZXNuNCo19qxF5vZWIQAGcXIu9i1HmnSC2Q3MyMWJQwHMhZp8bF6U7eiQBYsUhzNwFZwjUrb0W3UAI8DU6F2nUusKo5xttNsILdzZwrNycqCKa6vSw
2024-11-29,11点05分是郑思维进国家队时间,14.3万,/l?e=950fnNcY2TQOj74RbEz2X6DjMLW%2FT0syhNaAJ6PXAHR0zNcU0a6tuaPIpjcH7v88UoE38IVLiaNY5F%2BprIKxEK%2FWRP2hV9a82xSKXrA9eo0%2FTMiBY5xyuHSw2FAO2zCGYuN1H2zrmlfH5TT7253kDcuO7P3NJRUoAO50A9U5%2FRqvspPHiawqyrCftnfjIJrp8F9cQNhFk5ikKp33yTrU2CguHOD7TtqG%2BsxW%2Bn51g%2F8l91hUJ3dDE8pTQaWzXQAbPLDetTmEl1O2UbzmIMZqUiMkJF53foasW8B%2FVqlKDqU7GCJS3jP6vB1ZRfNIgPI9x6vt1YXTmURUIWkD6MYT5%2FPiqj5L96VHQoBbEbaF5gZ6sC8HseNWfku8vjo3
2024-11-29,黄雅琼回应郑思维退出国际赛场,30.2万,/l?e=34743FjZtO1D4bDuHkqmVIgD%2Fa9apcjyfDvD3%2BSdliV9JMc%2BSOlm%2BUYp1rbsBLz6d98OTQYYJI%2Fpq5%2Ba9us3WoCABjolY3etK4hKs%2FY%2B%2FemJPXj7CF7reDe6CPygyQrLZLxmMoXzVGcC1%2BfSedJXtGwmeLkrjHOHOcBB02LeUDlIl1Y%2BbpNLEtsAOKfOH458oKdhN8KyBOAH7qwcMvw0szbul65F8pDp%2Bd2HvUxrTJj4WPHckaQNxF6CRNCx6FAlTZxcbZGYkQDJovKusK5DgUcBD5Mxkj5BU1YoC%2BYE9ztOl4iecWk6M5F0clwvRpAcjh%2BlnNm7PKOhDSfEP5dxt3%2Bf978OVjeyXfZj4euWmN%2Bb3h6YZfnkbQ1MyhKDDeiZriMkmFdzAVUsCjxyJzn%2B6uWG41ybpRc
2024-11-29,中国奥委会祝郑思维一切顺利,15.6万,/l?e=7c0bhpEnUIpOgQF5jd8bAv2gZ7VfRkbIL5NtQeWgx7uJ57g9nYLcwXSo0M56piGvZtfHpLOxqkbPjbp9vhit3tDGkUyEbQjJ3CNyxLWaypFvfcbij5VaJz0095ho0BqpVI2IiAW3Z%2BY85xMn9Es2nPz6ibu9Vg8HtJK%2FC6SQVpm9YBu4Nni23MRRUuXWC8SCfCXKF68NYlcq5OxAe1wVfyHvVchyzUM0M808HONYQg0xfuv92sep2Q0JhyYQB%2FKe5rqEwhKrHyD2x7scdKAshxRvXsdqoSvVpboZiJ5cP9Ltwd6%2FcmZaQPXC2JFLZ7g%2BzSlDr2G%2FFS3pdxMTByOS4ACnP9sAiKLLVwF0%2BB6FUXShOEWtEvM6%2FFUZ20m6giecbQmBM5C1EoE
2024-11-29,陈少熙预言家,11.1万,/l?e=3d82GxzUi4fpn5Gy9ZwaJGjUrq8PkZENz4F2%2BeVIS5wL7fbkKUk07RRkMDA9Qgn32dw8Hvw3fzWOvj3BPfS%2F7%2F9xLf50cBG%2B4ZmpzWzmoB7xBZ2qDymnsV9FyMR2Ha3%2Bj7I%2BrYDGTUTKXwjHd448TRQ%2BIGrbpiaoXKbPYo6NMAYnSd%2BGQownvIB8lwpymen6N0JP5A8vTkZMKs55QeAbq9p44ekhFH3b20LT0PommPOZDK%2BNzP4YNHrDPvvQUoA
2024-11-29,羽绒行业人士谈生产内幕,1315.1万阅读 | @九派新闻,/l?e=1bc01u0vc6ARhtVBpVzDH3KZCNiVQ4ExRGlInD6nz7iy3%2FKMVEofcDtGeEgyVpz1%2BeKE1HR1Exk04WLzfvTjw5fQm8LEuThkqB2%2BW20g6MP63ZK8yAqFUKiJ0fr0iezojQiM%2B%2FiPAvYS6mA8p4Yr7JB2JdrdqKd6UYmxybabwTmiLMin03qB1h%2FkoSeGHgAYABhrLlpd%2Bnj64g9o7YzI9GcRJHJmptcQtC1LO%2FkqMxoqXeXSHvOzSvrbAKV%2B2IGjFF9FpH6od0H9jfBvLA0xz6cCa9gCRIChvV2f9hWNQ2mEYGxtgqirYU6ONCA%2BtwscXh7Cj5LVHFGDna12aUwa2O1HhDMdlUfe7qI
2024-11-29,官方通报学校食堂吃出青虫蜗牛,511.9万阅读 | @新京报,/l?e=c7f1ec31YpGIe2Ash0sn4%2BtNnjlnTvpH2tIRWbGI8BPct76M9EXC%2FmTiulWd3w2R2O9UljNxxrUU8m4Zi%2F5ZsnlK%2BGW3lRyuZM%2BJz0C%2FUkxn5WfA9ePBGCvbzMtN63bkUaWS5C7zSxpJILWJmjs31knzyXTYAshETDZvt6RP9PSSV2n1hjCzAMR0qF91f5N9FSZRTVHZjAmDuj%2FiJ71THGZErEsx2vVl0EyRKM5PJ3aqO5u0gfIUrGkRKGWhVaU3kLENgGLiwUMAen1QYRSv%2Fkn27%2BhUd4JySHWz%2BtNHTgYnwvKer2Py3yWvkZ%2BXkaQPhqI36e1%2BO2%2BSkmwg%2BQnO86d8Nrtyu4hDNZEhyhpQDoJetsLBtQX%2B1PoL5ctYF6K%2FxIacad2%2F8j4G8a9SFC18je727pw9hEw
2024-11-29,婚内婚外老婆情人饭局修罗场,剧集 116034,/l?e=4eabJBvrx9tlaISwg3AhoH6%2BRzC146glmqkaGA5uv4u87j7HZitxmGzoSNBkUzefQrjqIEMDye1N1xiUGlBBWI8k%2FauJL%2FykqmzxWCY03DVrUnyIiomnrwlT4wEeB7hBCt2Or3IIGVYlfhl%2FQSq1CpidAecrfWhI7VYIQ4vIlkUXj2IXdMsj1nZBeoDoXCDi56mbn7GyMXPD2QYQ%2BETGm7w9sWI3%2Bbo%2BLC%2BOxzwO60JfY86dmoi9VelVgxAVa7TUeD7mnRBv4aFbfHUCOUUrYyoPvDHgNb6%2Bbx523XT9hp4FQhoNp9ZlbU%2FkxITvE4GNTpZ9sJuCSk%2FfekBKACVrfSxuPQX6eR1Gq%2B80As%2FJPGiqRAkutdVb%2FOea05ObgYE0n346zbQ5z%2B8
2024-11-29,Puff和Langx和解,22.8万,/l?e=8ff4J%2FPLiRAxNiBoyW9LwVU8eqL5KFx4iOre7MdghOwnw9Cc%2BkDkRgMAh2DN7J61UxheMyHlXemEv3CR2DNuK9%2BGfZ%2FTsWZ1sZsujsqxXcPxbmJgkyYWjFlxbF8c%2Bi45JCLzZRugUkhU9ayk2mkEHlzXU8%2FzaPtiZZv%2B3HLgakveou4KkvkBFYMxxnWRPsVKBvia4hnXsD04KwI
2024-11-29,国乒备战2024成都混团世界杯,12.8万,/l?e=d685Pt26luX9w1E0OoZSH1ZN3ZWiX4qmzWYCYVOtNsHdE9ZoxY%2BaJIo0qbwpXuekC4cH71q9%2F5HMVs%2FJVLNzMAs6xOPqbHK8ju1%2BWPPQPuexx%2FJfTHkMUx4FsOmQ9Zeh1v%2FKgN6EqOYKoG1BYT%2F8rvazNwK4yRovxNUnD1ad7o21IQTEqMs5wCnR9t1wAfoSozqBRTenCMgQTjSmspE9fOfGhYDs2glZbcI%2BB%2F9d3FclgsDG6Kq1Miy3vF7ekoGFVBD%2Bks5NORlevVFtB5%2FbdIjPXVUI7K5jOWs4Bi45Y4y7Cb3rvI8mcAWhNheWJ9Ed6x%2BnMeJ82jz53wtKV4Pu2ooXGt%2Fgie1K60F3gBuY
2024-11-29,苏新皓我记得那天阳光很好,22.6万,/l?e=8aa0Sd%2F2dxzAhOLbKXscvXApWn%2F3AU18FxMAq05de6lNq%2B0OzxfS%2BGaH%2BhGu19175y5HnNv%2Bv3JKB4BUjXNyct8ObpcfjHmc7xrgFCCiP0YgbSmwgleX%2FVU2DpxKt7LmOIYLrxqb0cdMkzxWfXVHtgvArgpSzVJrvCKPayQI3jKtDV%2B7z9Yqv3JN%2F40D1F2bga%2FPi3FNkDAXU8EFObEAYLrqDgf7vP7Y7mfztfq2iJaX5WE0jZ%2B0hqbprB1GF0Xj7fb7i2pAV0pRTxql3yp2OA6iTFvk6gmc%2F871hXKAJyq5%2FNFrdPRxCeVP3RNgDtO98Gu5YZP2%2BOIMKUJQCL5Y4ote93y6pVJvQX4fMhfh9NcFGwH5Glv2X%2Bw
2024-11-29,金泰亨单曲空降,音乐 168164,/l?e=1aadHDoHYnZHM5sHyW%2BYsdH1jGOYWP3m2bVCGSC6MPynmd%2FdcWBfPa0tMm5KyfI6%2FnQHagfiLQ%2BgVeUc%2B7x%2FhO1%2FqNhJ3ov5UFh91YmUTMkCOzTahYllozmPgJ6msjL50DiyXw7rMUmUDLi7iJ17Gkz%2BzCn2KtbXeNGY5bSjOgZeLbhPOEhOklP41bfsG4MKpEPsdn00LpEFzvmiNJ%2Bd4jA4mmI6HELw77AGR5rexM6A%2B0BJhgece5LKqywml1IAZJIC4RDV0A53wjZoNfk
2024-11-29,唐嫣粉发未来造型,16.1万,/l?e=c560i2fPPF45%2BELpkqWbhNYBmatsMAB6qbYwpzXa0bAA2B5aytF1XirtWJtytPAZrQo3p5waB%2FEREAcJpuo2d4TcpDDoho1fKt8vDtVa%2F6b4dyYir%2BLQ50GFm2zJIfE4cIhNJJvVYRWkAkgpxNYXKKvPHLt88z8y3%2BGUwKLzHIR98BYIKe6i3AnJwYh8WQcPz%2BjSLPLkNQlk%2BHgqoQjtvjYTi%2BwKByUmsNaqieUrlxTUgVGnnmTafUI6hScq3sfFUy4zUFr%2BsUcr1HeaFn2u9JLRoM7tkNsdKEdKcTQ
2024-11-29,冯绍峰接想想放学回家,20.8万,/l?e=3e6cD6NtGz4sJfSpCn0HbbRXgCtvpCcYofyuIrnUtU%2BNq9QDqRlmRdW7p80%2Fz8bVDOuzBAGqk0PyP%2FMeFAEJBm0mmp6vsXVm4n1wzZWQ%2B4bP6AeuY2ENmw8rywvc0j%2FpZDMwNXSp774PI6oVDKLk13s%2F5YErrK0yTONPovbClRHcuA1qGV4uKeqkT%2BCFTLquyQb16Og6mm%2Bl0cPzI2nYH4NQxCpb%2BGaD3XI0DBgBMKWaQ6eZfj0EvKdTY6ex7JxO0YkW2gIkJz3lrWADfcl6OKLv1yjnqqAzdHOdZ4omihU5W2Fu8rWyAUbx5swHP2BV5Gsgwhx8U%2BRn9eE
2024-11-29,冲锋衣成顶流是靠什么征服年轻人,12.2万,/l?e=c95aN%2FGukRsEF9PuELoMdihfdNwmEdbRbIo%2FVwYxPjApz4L0Ur5ARoVzc33PEwtbkO%2BRQdctB%2FTxkyYwxY5JvDbOPjN8XmXbsE4NbJQa%2F9y%2BXlSOUvkoSuaQMHcLQ9kNO3R1atBgIE3IPLAK%2FpQ4RcBwP7PGf6UjxaXWCJJxvcr0XnLg8Rvsh4T5BMxpdSRyDnQZJzp3VDvf3nAU%2Br42jl7pwGYgCf0J%2FSrz%2BPy0TKqKqoa%2FzS99JdzuppXJcIFN58qjF0wklrjjdcBjeucc3QnqR6ZN3%2BGHXa1e5DVpVNtaLW%2FjZ0jnNSy54Rjm3uFuxsQD6K5cGGuGWNkUen0U4NaKGhJEFxulJtapsWI64p%2FilnQ0H%2FqpcllyZRwYxuOMMZGzt%2BJjrx8yfblfCe5Z3ZSKA8IqhWR9iE5idqfJPc6e%2FwPnCng
