排名,标题,热度,链接
2.,优衣库创始人言论争议,151.3万,https://tophub.today/l?e=484dpj09ZKUuWn8Mv30AId23Zx2ickkmd9hfkHF6gu8OVtMOrNuNR4TZYq%2Bo4EeDwyj3hcdGpehZjLZnWZCGV%2Bo0AqGAfdjwwyZcS765FEZ%2FLgKDWyhI877225kK5cqpG2o%2BOi%2Bwhh18L5YcpElDfL1oWYe%2B39zJx9QBjqtnMk5Wye%2BISn7shiYsaxN2hAI5J1kSdSejYJNnoYj%2F0JLmle8oaOYa%2BwXYrsJCfr0EVomrQ10aD1y8s3VChYhQL0hJCtNRF5OlQPU5DZx5rLyyBTgneVAZKFAqNFMozJ0rGx6En9XQVlq%2Birt%2Bcr%2BGTORxYMhBjHmZskhhjDQ
3.,鹿晗回应喝多了,105.2万,https://tophub.today/l?e=60c9Mdl0tWQiZZXhQtO%2FUlJ8BQOmaVERwa9MJj68T522WkF2HPcHirVQfcKgQfVPpw2Hkj5QiwEI8WS87FoCcrteNLh1TQpucBqHMTF8HPMyutUUSz%2B%2F90gMUBZwpLebUS9y91VkUKcplYYMt%2FpUg7wORb3kXxjv7B%2Bes8wllnrkoAcBvyx59AYNCB47RyDZ8bz4Ck1TEkDcWNX%2FD6hc%2B8st6X%2FHI09julDM6bxlRI1O38DTxm0LdRkCCSsrpEHXvYtT6e9gFsZokrDBPVQ
4.,43位志愿军烈士遗骸今日安葬,85.9万,https://tophub.today/l?e=2d994fDlwcGpaKpeYom9p8GVQEXb%2Fq0mXQUfwpDozO1nOCILBi4j3rf8K2l%2BsiVBHUqPbFKubZ6ryPb3%2BPmr4Q2PSq7ePXpJQpfLo2%2B6yRpcFKqrmDr0SMQF5AjZNPabBzF8DhU1uGaToZ7e9K4u6azk1ZZYt%2FstTMG2WTjZ8mRc4lqKDV3RYMWA8wz8%2FXdJbYIhEVuwemk3AgBhIMmavWQhRPOtsr34qbUkGjavPZZSIa8nF01vF2dKdfqos0pR52jzvv7%2FASRsVcHvPKrxf15cpegX0AgYL3huUBBnv1Ms%2Fx62K3IpBLKLYsP%2BtBhueXPCZHAsXgWwXqTK2AXGjfjd2%2B0UpvMqI8qKicBj0rn0xqmLTcw%2FN8Vlvg
5.,17名男女KTV聚众吸毒被一锅端,75.6万,https://tophub.today/l?e=562bPgj55EewOgdl5T6TciIC82WnAdU%2BUbDeY1ynJop4ygMlNspSzxlO0dBw4p64fYh6WYJ8Fu0QYUeUyWwkJwqX%2BfaWswi7k7iyOe8ei%2F3pSAcocnBHlM2sEblWqjk%2BI85iW%2FPKlfgBVumn1N6afEgcmIIL3FZ5UINX5V8%2BQh4kig%2B4FhNn1W0l7oaEATDxVk4W9ZO%2F43Lj5dnk6qLb0aPNbZxhTvpx7TxATI43bzTtQfKG2glqpX3Emr%2FZRkHKQMOAnCuBUr%2BdexPsg9FaqcqYIz75mNOYHv1ynQ0YIVDVAZ4pXoMOtYLXQaxKjp%2BeJQKEpHKMZkep9MVnUf2RMLdynMR1kc0SuEGgkyuLuQ
6.,辅警因为一次好奇9年后救了一条命,42.4万,https://tophub.today/l?e=911358UUs6tgkWVLLLoalMzbxxQLLY3rG5pIiInlFKMbonH9EQ6vmA6SPLKIOEUxIGwyJ1%2FSD%2BRQp9KloTOcqX2H3AHQKmqvohSMuq%2FFEASlzVzR0abMylxr27CWOTnq%2BBEvlzM168sES3GxP4qS6qYS7fktsAGjGhjtqhS8Igq2y0TJiQNXRkQbdqL%2BMGBE1KHx7%2FaprtkQimPFPZnmJUAU1iScT7HrD3Ag4%2FK458%2BfcgZfQlbo%2FPxEDmhoaFs45efCqdqv0KRaEdcdL10uaCL3LQhPlAQOxbjGlHk15Tks4r6NqjmuDqvEQej7dRYx5T3gu1eMXBzwfIgsieDShuHdGALDiJZy3yqPUuQ28OxDHwUOCqDIIuG71a3KjPq7flyXSSJq8645LOOgHS%2B6UD8udsW2Qq%2BHvuhc6%2BuVyUf%2FdbUg2Tr6
7.,山东一金店被抢损失或超千万,42.0万,https://tophub.today/l?e=93129lZ7Ac05HKjD%2FvmuM7Ez7WUtkHiaz%2B1GUGH3f4YW3diN0%2BzRlA2Z1XR%2FmKs9GrmM8%2F1s%2Fdmd7U3nQW6RzB2yUrevH2yr6HwltHTF7cIyxvQdVtJ9rcSKHt9jkY3zh3t23FveLfXBMocMW7OttPqwvBummlDWU3cUxnnUbxW5S7JzXCx1wiJe8veESgPf6oUcy0BY9GJY1vfDTaGmon0guubBcbfpysoyfzD6Sd5raYVKtBCPh8sQIfE8wdNsX5IlUOMJJ5L0Uke6S2HtxneMtL3JpzY7z3Yd0a4rhfPdXqqiGw7GduIMYyS%2BwbeAH6iu1JSw%2FAVk1uXPg5QjEzYNnO1GM8OyoSdhnmtLHyerLKQTW5YnTqF1rOajBhyonQLcStHr%2BOI
8.,吉利星主播,,https://tophub.today/l?e=5c1alTUBSDs58cQtEnIhKmXTBGKNgzxs%2BFDtodqcPMj3SeKFUvO7fW4jjX91rWKDYRNl%2FZPL8yTHI0YLTulUeJ%2FsjhI%2Fi5rJKCrnM9Rz5S42k0SoSC7G2rWN0B58niKFzLqn0GmTQSr80GRdtfyz3fcRCRFsCjlHskm4GiRsmXXrhaAQf3sEc49tKTDvsbVBWOBm3BMc%2FNUtKAE6UqFXuPOgb0bDcpum2Ikg0sD%2FDX8
9.,鹿晗好拽,40.6万,https://tophub.today/l?e=d58eSJSOhAur6BZfevCCSGe6i9il3zBaSh%2B9w43QL3MYFsCckLp3NKVcBo6Pc8kRSFvsfZ6ZEOqb1xNowkOEPkudRPHQZtZuq8VG33LaxbW0S74ruNXCjFUJOybv6hu7Kp%2F0jyDr4%2Bq3egcrbbN4ZbMH3X%2FCIu090fxh6wwiQfVcPaNw1FozixAtVJI%2BKTuXAzdLmXfG%2BFCJRUxu056im3c
10.,蛇年春晚官宣,晚会 398048,https://tophub.today/l?e=eb02Yd7dun7smqzYlLsSF8rnpDPU2uv9j9sR8et2pE%2B7giSdt9s0vwDG8r63mmdkAllEepBcQI1WDor0D7hdZW9gPE3NRlrOBXeznOIkrkdOi4HPgTUL7V37Kp3IYLs%2FcYeDkBWbT17RtgLqK%2F4d57qmW4lY3Lzj9cGV3CoCT0eWtvUWLTqwWj3HMLXFRsR4ONLY%2FAquEfzmaATzE0%2F%2BJejKHGJ2OBBCZEpADTPwNwR%2FJwoHWX0rwvbqFNCQUuo
11.,冯绍峰接想想放学回家,39.1万,https://tophub.today/l?e=8398Jtl%2Btt4lqkN4Y7dGfPF1FbItnAFCNzHDpDK2GZUDbVcEa4uDS%2BN%2F3iDXKw4roHM2cutBCdRSsyXvA%2BuRqyRuuxZKk7R6tsLLDCxeNDQr4ZZogPQMcBGjx3UEkxVx3qegHfMweOGDRb7o3aKW%2B0kPlAPmJQqms7VQNJnudZDnUXgMM8lYyGy49K1Yo0mWIabtVqEDwttAhkeOU6708rnwL5FEfYZWMY%2B9BQMzJu1u4%2BdFmQ3cPhDg1qEvYp2mkRQkbxfDYpARAWp4JHJ%2FffWg4G5W%2FhnsETRA0QLFxPNRQ5OrkQ3VLdU0ZYl3vZ1s0n2rxrblpSh%2B5cA
12.,美国女子抱婴儿袭警母女都被射杀,38.0万,https://tophub.today/l?e=0777T31d3cC1Era50%2BAGkA951KxPahIp4ehcDg%2FPiSX9MXPBOsFlh2qnK%2F7l1h%2F8yEmc0Jy4otNyf7QvkIkR0nmIyUVqcOR%2B1JHRpRS1n71fTaJUIyl1lLKaH%2Fmb%2BsVMDyO9ecH%2FpR8Vx7S%2Fb8k7vNPMApLjL8Tf9hXhC2LvauibF7FBBfsSAvfnr9goIyqgRqR5O4tOw3A69y0o1xT%2Bt4hKecHwuy%2BwvalRPEsBY87l2XBuc%2B1Jr4XMOwxcWWdK6kg4uqW2zIFLVx4Vxv%2FsGMFFyYz2H0P7H9TR9bkxghMGSDFtj9t1bxGa3DkV2aagVccZCKba18QZ%2Br3PSVkkXUmBLBR4BEOl0il989J1qam6lXPx8oqTfRt8B%2BgtOiuYq4IevL6t5EceBf4fvR5y3UjC%2Fdb1hgYzKgdwe80RjHTlZGYrbHk
13.,黄雅琼回应郑思维退出国际赛场,36.7万,https://tophub.today/l?e=d9c2tYfLWGyXe4LNWCj%2FTJwXRBtEvOEllxidpzT42MkSyTqEfixnZ06dNZijlWJnD%2F9nh2cjZNhsKNUC5XVz1Z5kI%2B%2BckaUqeQeBCnCR7NM1LBlXMAPgku6hNqYuHcEZ2G%2BV2Cgo6aupvEYf9xKSpovQWsEO%2BFYRmZ6ja9oj%2BaM8VNTH%2FdGTQUFG4Ion2IOXvAIooqGn7vW8JEYY%2BQcKHV5TTdmOS8ZnclY6tpzbf7rYA5RAA80cdQqc3CJQ4DWsdMXhzmbt4U7i2r8xjs%2B7LIHf40PftT59xL348MGv3Rj%2FRvWvjGL3VgimhZrfTKhukyIA7RAF3i3RZ3OjWbmw3SO8%2F5gGdYiicYnJAT6JTDfASYhnyImk9zkaaQ8jDIBaVDofVMm1EMvseL4EgLZZpjZdNve2M44
14.,再见爱人4第七期视频没了,综艺 361721,https://tophub.today/l?e=e490mQoaVWN0uRd%2F7qTcUitpmZzd2eyowf%2BxZAYV8UIWsK0V9qCzr7MFrOFucGHgPb6e3s6%2FMkQJ0ll61rMY6BrVZAXGgTF8Dwhb2%2FMPa4l0mTgaI6ibujQdHG1fy0fSCJ%2FIJoGgQM8JwF3RDDT%2FAhgzjtzGm98jv1%2FldOZDnoVfB4jFq%2Bv0S6JvhTqBlGyFKRk4EDetWBg%2BDvqToFbuSXMlQiw5K1lcaNoK1nZX5aaT25qgrO1z8zEPZG98mVE0zsgT%2BsEExazwR4XxyVpGmB%2B2rA30P56Bl0dl9pdjQCKoh%2FhmTyILdJ83jDRPyEfGq7rI42SVW61gVMuiK8eSE%2F73BSkSlXuHdbHm
15.,王源头像P了个新帽子,33.9万,https://tophub.today/l?e=eecbzRJUxBcuBU9A2ln4fjyEXbJnSnx8QXMVpXHB39uKlParIihz%2B%2B97pGTgz8zCIybGq9KXnOFwtxRUK%2BTno7Vv%2Fu1OwNgdZDjsx4ivkHO1%2BpGvTdNMA22UeGWCoLAxJEE6n5%2FAOvhlyigsZr7gCC2MET7%2B03WghXHQfrpJoN6murD1q2qbnonzB0nZzKYogj0xhKZ8hIb8jIaCj74I0MOaBbWH4R7RaEgJYRHCNv9%2F78w9f1qcGUpgASz5HUtn3FCVSugdtOBK7Aqzz0VN6v3bSLnSu4lTffcZDbOUaCflWO4mmAdcDByX288a
16.,韩国人的精致穷,30.9万,https://tophub.today/l?e=bf6fDSP0hNfxYcAmGP40tNh1HUBpL%2FfaYhKVry2KFcavmyxMi8pF4Tgj8DIX1eGjiiHbWoJW9LfTh5QaKLG4HePLNG%2BCwomL4KXRmfh%2FIfX9dQOBQsfF%2BOI2%2FSDIOc2sMB2uJAxk8GpTmKCVYb4ZUXyhdTqqprP%2BSjHBrqddRiAbDWiFlNq%2Boju5y8b1XPEILI9jjtsL4dVvFdWsQJNApYAvV6rWtkONVXGwWYYaGs0Dn4ABMaDmKoY1XY1sOrf2yKaP38drPX6Y2l2yAyM
17.,3人1分钟抢劫金店价值千万财物,27.9万,https://tophub.today/l?e=15b8lv8X2J8O38xljsf4zuiEWNt0mv2AbIBhOU1alu%2BiU6N1DGpHZfhBUW0p6%2F28Gr4Uxk5fEkeklpsToJQLEXgDjm9r8gYouU9EVT886cXokinrflACq8E8P4thoWIb7%2FMvzqU%2FwVwKkTs%2F9iOpkjqz%2FPtwKzxkYnq3HtN2en5GeNQidddopt1kh50%2F6r0eftJ%2BHzrEgmfl1rGPXzOo%2F6RFENkK%2Bzo3975tArYhnpl8SZpLPfwLceOocZeHa2D%2BCK7yLilM605hApQCjBXzMdrP%2B5CJ0%2BhjVbx7NBkW%2BQmCswK9JdByyAA4LI03LaVYpKfFkGIL3KDCSSGctp%2BfPqFQsZsWnBE36HEsTvUp9vLCeUQ3jZ4vMg2%2FW9nKKqtUXULjXppESg2AMw
18.,孙艺珍为2岁儿子庆生,26.0万,https://tophub.today/l?e=a937e8v6zSzNrbMLXrFxcWGAs5eiv2AfdaMiBVUBWTRZF4Kv0NwYYotojTGbuRdVRYaDxToQQLny7BDtIv9Jp8WuQ07DLiJFaMtAaaz%2BO0mIu7DKkoINS78mO3QOZtiyhKaJRzFTvljeRsejIRrF09WsTlr2my5%2FdSNzf%2FSj19h7lbxDpHbu0wd1NsrR8%2B4sfkvKyv%2BBCsJa3rTY%2F6X8DF4WrDgfQJsO4HAP3FfeHtUSh8%2FuZ4teTrHWUpk2tWXvkYjBUFWQ1vxoWR8%2FOhWc5RB48VNKAxyUrPVtle94xcrP3rsYvTPVUu8yYn3H
19.,胖东来调改永辉超市25天改了啥,25.0万,https://tophub.today/l?e=b050%2BDlbJ%2FFbEm3awjD%2BmysWM3ZurJB%2B2aFZpTNDaZerFL8H7p6ecTF9PdPM9vuqtS%2B0V2i0td8DinFUxmDhcFHOPFrYWqM1JRkM35a820dMeCYA68HYSbgXFhCJnHDujRKp3ytesQqDbawCOZ1R%2F%2Fyd5RM5SbaxWNzOMVYpkKCvt3YtzIFmKua7PcGzlcuwfc4IpjhHSySeE%2FleP88Qg%2B08nLh4o2tuR6UupVlp9ApJDUk19HQNWdJLLv4zsWu1F0zmMogYENk547%2FXoxePfg6g0C1QQ6hIzjs0fG5TOp4mbCYbPirRIB%2Boc9fF4ouqvOeq5Uod4qQn3xt4%2FJEr1J%2FcNuZhNh1NvdMJxEQnKhyptPtVZBqFJN1NeG34InikErVtG5GRdBQ7hw
20.,王楠女儿落选国乒少年集训队,25.0万,https://tophub.today/l?e=d1a1G7IFxIm8pC3taY75uEoxvEcUSHJv77jSYGkh347rz7wYhgSD%2BfohazslIjijIeL1T%2B4mspqVowx9nq%2Bsr7j3rU8BZjeU8N0IUd5mkXtanUWNwB2e31w9yRiT6oHiKZHXc9NDMAgQo%2BNxsucwbTTzgLBokkejEw5J%2FMIVPDNzYlFlN0T0gHRb2Y5LloPvi%2BdP9%2BUwA9sHy%2Bcy%2B%2FJfk5a6zBXzkGreT%2B%2FTvoauRv%2FsHsNt880WBYnG3M1K%2FEQQcQdSztM02F%2FnmDvmIdk5I7pcQOxda5xFVBWB9SpGWZKRRgZSi7vgN2G%2FeS7NPYtfb25zUjLMZm5ExyOsfhrhT5s6TEE2ABYQMEfXy%2Fv3j2W%2BbDhnFA6bNIh4tck%2BAaeJmian8wXCIDw
21.,外籍男子人体藏毒123粒被海关查获,22.5万,https://tophub.today/l?e=b1acFNFevQ5mN%2BlFsaFGvFhmm6RS2wgF2xfyV0iseW2VG7JG6e2orxvIqkEdrnZmtGCP83cogoRdEBxEwvGxMPnB1cqNOvEfDd6tnX5tmUG9jmK%2BZIUxOC7q5N2Rulp5KP2riqWN4NQ14qZ6cRWmG9o2fAQa1Eknkak9p2gydaosTAUyEXyKUbihobx6eUI1O9aKlTM%2FyjATBlSklpPD0yndEPu%2FaWFjilOB5AEZadAr6nZgIBvntcU01kCrRKW93Tkn9FK8dM0dDR74o9LgAAJSAoJ%2FcjIRCzfJqPHu8v7AjwcrIBE3b7Hd6ebit3kI6EOhrLJ5Jm4Gvbm%2Bli4fvkAY7hVuzW%2B1hSSP4JBpqye%2Fqm7wQHoM%2BaweHIrF1fMfOdc7%2FcZGAwPsYEohzaOnoFCVagN%2FV6RfuL0
22.,唐嫣灰紫发色,21.4万,https://tophub.today/l?e=c686Pb1RU4sJ3CCR0mg%2BYXuDBG5Al7Y0H7W%2FUjHVJO9KLXOFRG5El0c1yjNMCMHNspOWAe8%2FW3avu5DnlG77NPx%2F9vKTi3lo1H2bEFqMd5X8VIasVcgvfMoCaGlgZAylyz%2F77ufgdHZdlRjezeto1AHCeGqJmUE3J8HHNRrMr7pRzA8JLCVlT1kyhyK1jsufK%2FZ7qUMwUUeJjjBSu5EJmfUGlVbVHzmMUjNlfFkxCBUlveYcfSGSmr7PsmZC19k
23.,林一长沙活动取消,21.3万,https://tophub.today/l?e=d4a5kvwRZFPDa68j1e%2F%2FJeWtTgAObgopZtd1HQX5w35ljCYR3521MfyJpycY9ro9Lw%2BKk04XBywPm7reR%2BDPw3hpadF3uzC5zngsV0clvHhp6wcWiUOaNHDRQ4Wm2xUoqX0h7KTZrF18R1YL%2FU7czYyeRDdIvpE5NFIoBdorVJePa1JMhx0T82ECUxl9fK18wCiN6tXVr3WUMVHo41O%2BQSDjlbXIae0hkXbWKpi9Q0IPAvOtAmSEJzF9vYwRKJqZzCNr%2Bqrz8Jh6dN1e6HlAwKmSI%2Brqcq4wTjo0WZs
24.,丁禹兮看人深情是因为六百度近视,综艺 209505,https://tophub.today/l?e=1661PLI0L%2F5CKdgOFQng6ovomI0CMF0k2%2FCibkNWgOCO8glFo9mbl%2BJG%2BuDD%2FMXsJmxU4Cco%2FPC%2Ft8f7iqqUPQ0A6gnrxUCKey%2F2k0dKT%2FoTPRRhj3ZQ1rQXlvAjU199VNgRkhmK%2BorNf%2ByoJ%2Bl8OCEjPNmcYbeg3H8m0MaqkmMGYs0%2Ba6OZjKln%2FDFaDrJYc39EBTKkvBnytpH%2FvDuDQhZA5bwI1Xrdv6WtWrM9r%2Fthr1MU2KXXzG5BO2GKIZKbv5v5qM0LjO5CEZQI%2BZ6qMGp0HL5PSl%2F5JDdvLHPOJRpHJyXvsLwb4PwYJr%2BPUtV0xpFDIKHQqq1w6VFSm9w%2FOqAnpRdynDGEcZXgwJxkhq4Z7waHL5szV8UThphiiVIfP%2FjFwZ9I3%2BYAuKnmjesHmo%2FmKBSzTk1hcDlXbYTn6Kacd4DY5L8
25.,TES官宣Meiko离队,19.9万,https://tophub.today/l?e=90b6JBfFTU%2FMr6BEnx%2B%2FimbyWsGt6TuPqnWF96nSdY0mttzcz1lE7C%2FyYwfeaK2v43RWfZIw8BUHPKOvaSVmPrTNpJJ3Jz9tL7JMnljA5OCqMF%2FoEtdznnXfOVhSEIITk%2B3hV1ezltn%2BzPoaKuVG%2BC6ta1PcwNwrPg1WKHPdVpmiY%2BHkMLsg7eqm6ghUzG3nGfou6eZV9IxudV%2BBIlRgXMiBjVFqFkbkdw
26.,派出所回应山东一金店被抢,19.1万,https://tophub.today/l?e=2bf4HbxYrTD8ksS6wKqKPYCqmCgWBia438oyW%2BfLQQ1td4YPcD6qEA0iGfA4%2BcmD5EdQVCP47hoSlqNwClGwGCqoq8rz6wi1bZoERl3L84feUrinrTt5QF9iuti1w6zZd8EHQsD9akHZq5meLxnc8DCRtoBvIrX8ermUilhIADoyHJP49iGUFog2U%2BAGJ1JYQg4mAqlkMct6Fa1XHe7XpNZIgXN0%2FuVphMOhxKIepfkRj%2FLHW7NWna8tC8nD2d27j8%2B3RvbZ3E%2BI3TOgHUWhvDHuCScUKx268uKo72FDCe8DTC0OgeazIH4G7xC%2BqVPU2lqrTsBw%2FdiuTY%2BMrUKniK55nW%2BUGqOWUOA3%2BqomMazzL05oXrB0wzY
27.,崩坏星穹铁道,19.0万,https://tophub.today/l?e=f1d2fapxVbCTZMlJ362WksVvfF3m1UhpJGI5N1S5pxgP7RyGyvvpPalQ2II%2FgaN%2FyZxi%2Brxo7cFJjeAEfBHh%2F7Q40tWt7XjPwuJlC8Hvgu4LOVffGWzACS2TMM1td1co5MB%2F%2F957j9cmVi7Dh5YD5SHwzRdHmJfufljV9A9N6PmzJgd7ATJHLebx5DLChK6YasNgdcayylMmtcDlvSrEaAdjSi4taqFHBCPmEYjvICAZNVpfWFqV3NpPGrzVzns
28.,古巨基钻石败犬live首秀,演出 189465,https://tophub.today/l?e=1f0cdQJQMRczY2A0%2BWdTZ7gP1P3%2Boi7dwEb33UwoynlollR%2Fsu1QTql80UbqQRG7RcrL5PD5ogIQfXfXZ9I%2B1%2B%2FgmcN6FLvYwT2Y6TCBnfZXsvHDt2bNCtCN6VWIzm%2BAz1XyCZZX0ZOCJvQhOavdcFF3a7FSVfEZMcdfQGziQ%2FbewazB4l4vHpAw2wqtVitz1X4WOh35E%2BBbCyGbP8W8rWcGXgYrWH1gtGox83fPKjSCpLjzICtp%2FRpsPFaCWpC2KieMkNrvb%2F%2Bjk4%2BARBbMWi01mJMgTQYN8JJW5Ajlb%2FL0UIeFBzh9jbfR9t5kkZL%2F
29.,老人吃腌萝卜后中毒整个人紫了,18.9万,https://tophub.today/l?e=e496XonFn2U7kz1OLMp2IYG%2FJaTUPliqvHjdPDjP50yGNpToMOHOZYD6QDefZfMNSJMoR9uSe%2Fhofwhs1lSmelW1wDoyoMfVgJMWdteA5gdJxaHlhUrAAYFIYUz%2BRzrT90fmdEcYIr1zDPTmsxOQtY99YdYeruNSxnkBEharN9ELDOeC7koGsfmaAxf0Vou6cI%2FRJXUNClvK9tb2%2FM%2BfYsElTkBhM9bU8yRxjx4cADgqEGi%2B%2F9KFN%2FO2WBAiy46%2FgLcUoNoA5solS6KsUXU8IrSGYVXgW%2Fdlp181cfYocAYIBbbPg%2Fw83k3%2FC6zb1ahtMLSb2E2eIMQ9bHKj9q9HAmJZaRVv38HUJ4cgjDMr4HRwu9NjY0GEw7laAsHM05YRqCMSvmHs1oKjflG9dZ%2FGRxiR45ewxgo
30.,年轻人买的水果半数是情感商品,18.8万,https://tophub.today/l?e=4eecH6hfw7W%2BOXjDovGIDMXdOqhyBuefUNdb3I97IQbi%2BiVbs%2FX%2BorjL7qQ1NbnphiOH%2BSYX8Eo%2FsRGF%2Fgm9FHd24LXAljAwShzczX%2B2OLN9hZvUi8sBDe7An8F%2FP6NzYZNRAPUYL5aKwWBnhkHkH%2B%2BTgRI%2FTpWlnSfBDing7wumUBEnDQj3Yj0qIXyiqR1oC29GWqLOyvAl5mjBVA1kz6hWYmOvF9rcWqMmiu8tfmUyGzUyc914P7N4ptHgLFc2EMg5uXyLFaMLFDWfSmtR%2BOS4AJGTAhAGmidrnLUgtBpwy8THOlac1m%2Fst4F2R%2FfHbRq3KBFxGxKVY6RuADpbxxjaOeg0KKlIuEBTQcLJSN0vdd7BJvPrxLTC6eoY8dJr5NNA8RhpuScKQHdQTm8HyEQmBWZFJOU
31.,张杰唐嫣荧幕合作,18.5万,https://tophub.today/l?e=01eeZ5Wugp3fnTkPiHUchL9v7vyMDz0NLUrFWWOPnRdTq7jYRs3wK93tI4GTPNrRD%2BSUVq8mtF2i4A0WMuwqyYfQs0nVnooXNm4ZVUhKggnhySd5m7Pouz1JGLW0rH7QTgCWi9WhrNhBJxjxo6ELDh8ynqUDeZ4EYrYBBFrt24xSOjl%2B9sWgtK2Hbem5oIwjDY6BOzmFbWVWmQybzcTc%2BXps%2FS1uBELUKga8F1HaFc8rtMUFZEduYRbba59duGrsp5u%2B2OcAVm797Cf1xG4ehKgseA6lGuAWWuv12wM
32.,王海质疑李行亮麦琳争议为剧本,18.1万,https://tophub.today/l?e=70e87V%2FESQaeIUaaRZrPtEhVI2oPFV37KpeVDT1oYMPfPzo2UtgC6DgSDIBDHL5re1Bu%2B0GRajIhhBOuC5icgNSMazigTloR1ultIXUIpKPP2PiB1QuKQNQoUgrA6GCnlaHc%2FiRhmhangFEdjpvyfGI9ZeLGXcYv83Y5P2zh%2B46pSnNSG0apQgwCgT8AicVocAQPGmAV8sirPOgwJ6ja5WLqCftKdsegOxq56EZB7ERKNgVOOOSKnQMG79iyBghur5%2B61Zx7HUv3%2FYUkEy9uMi08sFh7zxEZuZCCBN%2F378ajSnwatWsEFUUhsPDVUJebuxg25DSaIzhk3EBBOKZ9e4uhFg%2Bng%2BttIThY0qgz3q1lEEFc7cvvZTM1lEhtox2sS1BorPgIRyBjkApYms4gBSNk9ntpoM8
33.,老师向家长借60多万买房还钱困难,17.4万,https://tophub.today/l?e=a656OEc606qV30NMOFiN7beN7wVKxTbBpIkY2gFnA%2Fm9dEzbWwYhnDPynW1vsC%2FEourY3EH791pnTLZNccYfuopOKsqgIGg0DJ2xhxdFlV92i5iSyjQODMMQnbwwOYyT%2FAjKQOoKyBKFYL%2Ba4CDZJ7CRc89QmhNNj7NMPxpP09ilcpcNb5mLFxuDZP48qZ2vjqy4yka%2FosCg9Hbu%2FLuvFYL%2FWQZianmxsHFN6%2B6XmdFzV9y4aJabyQgT0Fkexj72Ih2iyAy1K1RLIk75%2BMVSt1jaGdfUmpRL75Nzz4d9Wa2isWbHx5%2F1PTdDAKZCo2o3ac5PbQp46stzImidYXYpHtKoS6%2BEtj3TpgUYfIqU9lMLOOYZhq1cEjvv%2FrkOhxnBMpOEKGRm4m1RxUVxpkJcnLEAkHk%2FeIHZGQ
34.,南宁一家长称15岁女儿孕期被砍伤,16.5万,https://tophub.today/l?e=948fRIJTGm5dAXq9xOMJ9WuuD%2Bjh7RKXV00J%2BKaf25oatG%2B7IWEZk4evQNF63RdLrF6vgiynQciq9MFMYQKZZo%2B6hBIZAAcvInAYK7Wm8GqRn9VtRMqMy1OD3ZI6JT4Bu8bQxUN2eXf%2Fwngcxvew06zekeVwvr8P3tpDDSlAzQf90b9nO5SOMFH2F%2BxD4gpdDD68WdfV3KWbFZQn20a5MrSWUJOUFSp%2BX%2F7Ecgv6hiWuWa4hy5mD4PWc5Quo%2F6EdTdV3ZzTd4hReAIA4xl3S0lvW%2FXtq855BpLqrMuuI%2BxxB3O2%2BKCTCHJg1kXGx%2F%2FQyjkpDaY1Ycyq7cB1VvH8aCaxoQZvEltjHcalYYdiwDfzhKJrajIJCyl9Q0yltkKYUlE2KUzeWbwg60DR%2FtvUfo2Np3d9gcJ9BeQ
35.,珠海户籍居民可一周去一次澳门,15.7万,https://tophub.today/l?e=4411HIURJBsz8cdtvA%2B1VWJm%2BiRIigAgY4X6LGmzl2P9V3DwS9OfZ%2Bg7gYNGaWIXXGdFgMPkbcnwH6JiO1t5HFhW20V3xAxFqJ8GhkXuvgipDOxUGcdWpBVbGN92TJUv3HedVz72bR1TwoZP12nZ1K2b2c5PmPWXR11H6rcrKah50dhY%2BmxZcfDOPAlNLBYmwsn9uCNG6W%2FiAO5ffzdmdvHRfRJCrcR3pzis5DYnh61jsJCveY9YbQgc0F0f7biFC2rb4iW5xhxflBQ21VW1ZjonYObmn%2FlX0B5wa3cZ0GSWfUKNHOE4%2FEv2twSwC3zEVcj8vWXCs1gEY0RoKdx%2BH81RoZhgh%2F01f0HVIWLHxcN%2B9pWT5Qmr2wC%2BteyAbnqW2AUkOKJBjXiJp25n3%2BFg%2BE84jbe6YlE
36.,林一霸王茶姬活动,15.6万,https://tophub.today/l?e=8ddbqyrvByFCBB9MpS7UgG%2BpRfU8nvVNKCmY5M6OtU58nhN8FJBg4sR3hQGWX%2FznGWanSFM7aKwvverci3xzI8A3kXc0GQttLzVyqbGK5DemtS3We3Vdbz8HbMcRSmfm1bRya%2BCvlBA6nZ7UJKuuW81s1Ajqoh9rjCy4pH1vpAo%2BGIgXFIovmwAHnpQD9hG7XW0j3bIDhVnrle%2FBZdnWzzRcsqmBEJYEggpCJ%2FyjnJcakJNhoG0v1516JkyrGSd1CYAwWWpk1%2BSXKtDpKRpgSNuP%2F9%2BkSS6cRoGdjY0
37.,卢昱晓看预告片才知道不是自己声音,剧集 156116,https://tophub.today/l?e=020fyI0t9zLx5wNFOyX%2BrUnZ%2FcPZztFUnpMJgJ1ntGMcCm9OeXLBdQ1uhGcLhccFqRZBtjTsBzeAKsU0Bdpd5hfNng%2BW8b3AoO0MQGkOXiO4jqq%2Bzpa%2FRQSjGkXVoAZyaGWfyjHe8YqSvCwHaMVu5zS35BmqMJjC3Z%2FPrNSqoGQPl9TBGiSzIsZ7RhlUcTy56qARiNdHctfUvMBgkV0yhBf11Sfi1%2F6IxuBBYC2UqGJKpbnacb6EzjOY%2BtohwBBlikQ20y2LshElVlvf6gpObmWAHn4JNIZ%2BlOSXUde6T%2BzUmSQODvjpWkqHCl%2B82o9D0U9VE%2FwWw%2FWVRkU7mJo14WGorEC1rMRggiP7CwSUuCHe%2BrqE%2F1TI%2ByG9SUdgaSJ5qd0Q9eb%2Fzz5QbCRHlanGrfUanaI5Lc2UDCSZ3uTZUpPn0U75QwTqqaIMaYQNdWeBuMJXQgs
38.,奔跑吧揭秘穿越千年的东巴纸,剧集 151335,https://tophub.today/l?e=81b19oaYCw83RhQcEFDaEG1szEYokOzdQ2fo50xbiGUdWdR%2FTEgfDVa21m2f0uEZvnoId5xdRTw4BieuhOpdEJCyv4ynPhZp0tqUN6Is2525E8NCvh2yQcpRCljVv%2Fof8UBc%2BtlgIVOaHeFhObaAcLjsMFv6B%2BS%2Fg3%2BIN0zFEwnL0SqCh6oHXAgNeoPW%2BznDSUe0a6qJAxQHxlRx3dNBrx%2Bd9n4iDeNDkbYPAnZDQin5L1PmVKpVm3kSglfVI4GKI5330dmVNWS74RyR8TEPKt%2FeYLcM04EQO12oOrZSH9bHSQ9qDYTCoeJ8h6u3DAuUR5RP28cfwV09V24OIPZn0ypKvm3OAnTLDav33apObtK4BmHf6sBZafX8ARD9m0njkAknE%2BllyzQ
39.,丁禹兮 包治百病,15.1万,https://tophub.today/l?e=f4afCeWunt2SGP7Wjp%2BCMbdbKK%2FsGdX8iw71Y4RhL8%2FK%2FXnKRd0PNwO7KG%2FCGH92fHbTEDgooIIgp83PAXkkS3TO3XsSjN7S633cRVd1DUFhIZ%2BZ3fux42PPgVzSeW0vqRhiCvZvTYjFTYzWQLpt4mkPnJG8FODBFBuHLWvGzNdJy0uIOHfAbBSpIzUe9NyXCd581QZU5v91E3GhhM5ou3SkFeh%2BlhQCizPlgtu5PF8CjM%2F4L6A7TcKj%2B1UxPgxoqJeESUMHZ6XHtXUiDoRze9k
40.,央财教授称股民套牢是好事,14.5万,https://tophub.today/l?e=07cfgpj7NDYXYOxzMpyxHTS%2FyZx5gbVSy%2FNYoMTBy0ygef0syaWT2KfwXeUoY4u7vIWrXTeop3v%2FJylqJVOkCf76ue6LRM9K7qoes8kbYckKzFri2Y42RqseYwkA0s7SaKQk%2FGTxOAdSvMmLGkG%2B9E3QN4AOotQZLJtSo06RKBOg13DWhJLp09xZ7ZG0OQDsKSP%2FMf5PVAJ590gAx%2BO1CC9CuG7mmWtFA64fczaNL5t70H7sNvOrmvYrY4%2ByutGnN0ylY0%2BEmWsugYy1A505Pzv80Gux5aTgxlgYP3KK9R8c8sKXZmGfbJ7mE6R1F91MSlrSeXRVGDXCan9wIUluYAoBzw0Q6odA8dot%2Fm3dEP2R7qKIIzkfwCk
41.,你家的筷子多久没换了,14.3万,https://tophub.today/l?e=47c0zyWNWbVTtP%2FHg1Wba8ld2E60n0nGrtQB4RsG3EyVQZaL5yTNFBN0O4xuCnw%2B7mNhm9ERV1ZzKHjENg17nABR6IqES3OujBBdCdf2ivl1gZC8XmxTenVB74I3GLmljnynlZijNkG74gD56s%2BJQUWexIcnd7q91v5niSgn2brCO2E0IQ%2FLku20twk9gaNZxg2skMYduZtJeWIk0qYi0D6ZtKrVyFItIYBletWUOo6yoBfG57jVPBL60rFK0Cr856QNMf5MIs0e1j9GwOmpAWvNgGvOz4%2BrJIkZULC9DZAxH0Hok%2F%2BubquAteq%2FEY%2FAx6J%2Fdn4yVdUMQDk
42.,杨子黄圣依 人设,综艺 141898,https://tophub.today/l?e=2a76fLdb7yax21oJsdRAifllDp%2BQl%2FU%2Big%2FQVGNMf5zgGvGUYqVFB0rhtWOecZfxO47XkO1VygNwa92tx9MfoG7T6E2hI4%2ButWp5kU%2ByannUDyCuGdsQRl6tHHiwOUTwVc6MrZXJl3Y31ommlmS1qsKZFPv4FPer0IIazLqFuOkQAU88w47Fp5m%2BCASPM80BYmMaCwiPiktvXXwz2PMVfiyTVZwTAGhJkfzT%2B9NZyBH%2BH%2FEznyoEp%2F7ctZPhOTewkkYTUEq27wn0sl4cqwzRQIs
43.,侯明昊无处安放的手,14.0万,https://tophub.today/l?e=1405qfz58Z7DKRuhkPcC4um51k8FghDxSC6SG%2BTtZkylobypx7DxOzGk2RBFrKCsx4twulMInI3O9HP8zqNXwE0XEETm2C8tbHXRqfq9abBNMklseenp9rzzfsEQ7Gi3%2BGmeV8uTwGqYr9lr79MQuMytaiIcbkS36XrYpfclKoxkuHf4IFsKLdwmrJa6z%2BmaBvY3CakkLSdGDZKSo0FBF3h%2F7kQzCCQCm3OkxHEXf%2B3%2FC8CqdyhAkO%2FJWQ2i%2F%2FVDHZLy0FN9bgNQuMdOz8ZLITSsSheradPg6WDyiay44sVC10glEv%2B9WIZAaQs
44.,冲锋衣成顶流是靠什么征服年轻人,13.9万,https://tophub.today/l?e=ed018KL4t07XfxipDpcUbHQhwOSvqySF0HaCzYk1lzhu8VcTiFlKcsTwbenORx9YV41JqIxT0nPw55o6LRM5%2F3sVSM4MDskpLECrWxSo9fLEDZP1xeHe6LPYLLgTwUdLFOOU3GmtpRafWegwQk6QTVHqReUKOLqDKuMoR8v4gGHCuzt7%2BVF%2BuhG7P6e0p6nLTbj50HhQVDB60o0HS1dtKv9E%2BOEaD3L37QCWX41%2FGhm2I62DncBa%2BAqwzOARKDAY%2B29cu6IIcMSViOpdyNuZezKCrB2BKlVkLZsWnU%2FZeJlL7bbGq%2FnqW%2B4qU6xLQ2q4f1I%2BjqhIDcP1zDIuUyhIqFeTDbTOj3Ikv5ZCtOTZmIpmx0EbmsZ6but2heOUyUe0nPa%2BThEbDLJl7TLJtWn1AY5G%2Btjq3txyrjwN1A3tAn0EyMOIq%2B8
45.,陈少熙预言家,13.6万,https://tophub.today/l?e=3e1bT01cCyOeD9aUyTfSytjWVqzRxaHyMIFlvu%2F6Fw9lkkXb4rDnwjLVC5wzL0RzPfs66w0X3HfAlNZytDlA6u5ayoCQOg1gZJ261z6JSmK3qzZ4JCvY2oJZQhYNyDWkpuGVQI%2FAfBh3ke1kgoaBYfQMW9FZ9f9zJslRwir%2FLQZi4pQp7IRfeGHz6XLMq0YyzB0CnHFUuavN1HEHLciYoXqwPEo%2BOCq6jFqCJU%2Bjbq0%2BlsvZul3YBayDS7Jps60
46.,羽绒行业人士谈生产内幕,13.5万,https://tophub.today/l?e=ec07lXIxUS0f3%2FHz9EU5Lun%2FXP2yL0WEHP%2F%2BgPTIxZfE%2FZuCD3Wpm1buLN0NAysHCq1M5L4T2bxloQlMVZmpwlNn%2BBn973%2FjikHWNitmyOorPSnvHUjvKL9MpvMFminUSE%2BQ3ea6VeKQxlBnPmWxry7q2H0cPwLwSoPh%2Bk%2FOMMVInMrVS7CV66ejK%2FOphMjyk9qs8VgV5yqb%2B08PLdUouLuT8Ed362wNM%2F43Fqy%2Fq9mZyK62K4SYTeFzbBjrZrYqRHtfvaxA8TECIbxLE0DXexV%2BAQS4XhKUVPtmYCeL2fJ4qzOauLeewPRum9P98H6jd%2BkkRyqTXoXdzqNhHUMr1DPfSkMQGQeGb0A
47.,容祖儿心淡全场大合唱,综艺 134258,https://tophub.today/l?e=2e213tR9qg71cxGHNxOL7t0ipttb8s95dVDF5AhI2iQAH6ygAvEstm3ITVWEtB%2BmNV6%2Fd5%2FTBzbzvZf6bh8gcFzV67m%2FtPJF%2F6KBaT%2BM%2Bdmg1%2FZJt2tjmmK8OutQHeVQrdNbwC43RPQFvrUx%2BtOCVwx9lgFMxq%2BH%2FCFirTx2tydYPjuk8JVsQDoOpA%2FluWpOJ3rOHskKHCIzDo9rcoIOxE3%2BTf%2BDfsoqUwnCOk%2FxrsxYrMXjFrvH%2Bes6GCio1%2F48WtOJiJCfzrOMV3EGu%2FtVMNKV0yRE72ro1Ry9mgC3XoOMbh6L320QF2w4e8%2F7ne13giZZ06TVKM83TEQ
48.,张杰第一次平头,音乐 134225,https://tophub.today/l?e=c7c1ZxbvE7MUhg2e9%2B1kxDGLBqwUolw3wCy5uE0A6jNov96JeUs98B6EA8OEb%2F%2Bhp4t4DAOGkXcr6DkojYGRXOGyEWQojq47bDCDaJsqnYQUksLU5t75XEynqeXLiiRzgnA3%2FulOqP3UHf3rKJRk%2B6MDC%2B8feBUYU28vj%2B40zLmcahYivl8JzpwKEqkPJD6oZF1a%2B3g3MlHWkJMNME%2Btr%2BsNKULO4DybYP0VvLPE2GxSMpan7F29%2F5qKMNrfT2eHiNRulXaeCOi7vUtNBEY
49.,筷子用不好可能会成为伤胃刺客,13.2万,https://tophub.today/l?e=2c1boC5XYjB4CCy09QSM0cDyMBU7l7ekdrdNJyCmKpYGCDUvdE1D6CDVXrIc0RwHQNyO%2B6ltUh6XiXFsuI2%2BSUHTwO9enWlNj%2BG3uNMNAdYq0h40YLpOR0WTVn0HsJrOBnlU62J4RuNT4Qw8CMhOOZf57a%2FJo2W%2BWpY3F0nxO934IBJoGlT3navSU717uwS56og96ZV7LpcxPseg0bpjTFf0MdkSl401TxUhMwXS8zFPesoLclpdQMHH0nII%2F7xpPyN7PObf%2FPsh86uqSJqdoLHpQrn%2FbrHGqJqwced3V42RyGXgrtkpIeIm5p3PAIUZs4Y3uLWhsPkpGcmTX81nA%2B1IHvg%2Bac0vdalaXemh5qyDdMarN32GIro%2FSml7PYCuFgNJzMqjjgEx7V3pMa%2F0kkir3j46L1M
50.,巴黎世家售出8天后要顾客补1147元,12.9万,https://tophub.today/l?e=4d2cmiUsPTxW%2BFML9%2BCePnuADNMAKytGmhrOqfmr6J97%2FdIJ%2F4NmRV8kuyUw%2BiD1QhRG4Tt3MHkMJUqrtohjYl8nwnwLADcwzAcoUgVNh8kLsonVY%2FjHWgdUxx4Gu29eFIBd1BHSSEScJk1OvSI28ACiUbNuNcYujMaJbn%2FjkEgzGRQ4dQe9aP08oLW9BhXrJa77q66klcYx%2Bipyw2wvxlfs3MjD9QdwtoYDwxSkzbHta4nsL9KRKkmOkq5pFiInaKjOim1NFFsfkCk2Oc%2BIFUS3WhwfyTfvPiDDHkSYjKdj8hM02IL2gzEis3It2yHT4FHrSeMLKMURjDeSO3gVYPZjBvKXi%2BGs%2Fj5pflkYhznHIyUPIS1FqZIY%2BRYWphs4rECB796a7IHizaoSnw
51.,虞书欣丁禹兮意林少年版,剧集 128838,https://tophub.today/l?e=02d5Is2zUL6pc2GTSh0G9qwsZOsBVJUi3uPD4dw%2BTP7WEWePwTIAIpk62R9paQJtflr3gjbH1QzDdV281rKR4L2%2FtMqgVYAlr69uBJr2lrBNqTOULp3MWz5Z5afKGSLHOKKwS43ee6cmnwkQYW3HwxxV%2BHuWzxYlkv4Zy%2FenNITkIphehr%2BLGjhSSfDxvez%2F78osEgubhIzBzD3TOyBlH4i59wgr22w2TJS7IRo%2Fz20F1BzE8AyK8XWYdxTmo3LXJ9oi%2Bf7jHIoDKnWETyBpI61IX4KyfNVm6gG%2BbRACGhs%2BbrwbqlpI3rJSVwuoMhBYSz8BsexjyXNw6ZvuS9ZWpQy2H8HWUNIOwm0
52.,上海体博会真的太好逛了,12.5万,https://tophub.today/l?e=f9a1sVbOB2t%2FdgXzb7qThPHNhtvLu2flNGQikO0epR4AJpt%2BX%2B8av1813EzbzaDELky%2FQEs%2FScF593oMfDV%2BIsN3Ye%2FpOVE0YWkbZJKfjvv3XJh%2Fti%2BWyWZCQDwOB%2BJPKBNhpOvzOJ01SQm%2BWfMzDIcP0nU2lbM85hmfCLoFYySlBS3Oh6SUloTauSZwbyFxHONxIuCTD1yS0rdeRaI4k7VebhEjnGaq8EMlX5uflmWGim4RyxANYEVTYVVXrb%2FTFIxsk1r5Ce6fHnKuoGD6QwSkxTVq2wdgm%2B4b44fhJdluyJ12xKmTuPX%2FVLzv13XvE%2B60FohotxOyGkAD0j5USViwNUM934sH9Tg
2024-11-29,古巨基钻石败犬live首秀,演出 189465,https://tophub.today/l?e=225cmZiSnf%2BnR8raRVmIYUzZpH%2FlI4KWQ96fAXgobwWHP51QE8VoRTkma4QeO5eTwcRkG%2FFg4j1l3Ek2jrCtVlX8bBfe4XcN7VqvpAe2GtOc%2F5j%2F14QJHTmLaBRz9EkCQDz1y3VNkZefaryZ343ChJDfb5tYpLpD7Wqvmt8c0jMCrQmZcWBylKmwvu7smn3%2F1AMXA7CsO6h7u%2BmJqmIxsk7pImXsyMDcMg7pmjXIAoqYgA46%2FqbnPzyWxBsKv%2FBwHVlGxPiabfaMJKBNX1Y56odXSLxj0rQ9AaMvewuPuXlDFOeqCifTvS7dsRLuCPsG
2024-11-29,巴黎世家售出8天后要顾客补1147元,12.9万,https://tophub.today/l?e=6c6dCjBu6r%2FVsn9XyGsvV%2FKC%2BBlYl3kuz8S4tkEQ%2Fo60RJ3bj95THKmSx6eYnALSSKJVXuNs6NCQaHuWEKYKPVDVwa%2BDcK2NumJq%2BjZ97UePHiwiad9mYnh8P6EN3U9ApGuHw%2FbJBWfxelY0gjcK4bSlxFNCib3YJM2wyUq4yyDEW%2BfNzgKf72szRFRBWi0XJfs6YUqxCNd3dQWrelvmRE41VXg4y7FDFGcVLb08oecvc9AaAbqjIxDAKelrdLT1X5Ou9SLoJ2JpoLtCGkygPeTEJ8AOPYURJcPhiwNQboE4Gjs%2FZSZbqyH%2F22AJf0GdBD%2Bwqs2ui7bJ3SmJNQlQqFHtvhMK6dpw3YqybseCRPjf9Q08KJrJneyWQldDrtqUGm5CWIDbh3Uegu0Lew
2024-11-29,虞书欣丁禹兮意林少年版,剧集 128838,https://tophub.today/l?e=cab6DV7QPymnkx5uzQiq4M0BSrfzbYgGHgZs9CITnR72qemApwlUP3LrKwo1XYdOx3UUeDIByZYxN6aEy0nf%2FRnzm6Xakdo9HtJOZ9lVwCtVMhxAEulkNgSISoF4hwI8GsyQQMUzKL8h%2FxNWbsshX29iH3F4%2BZJnCt%2FlfOdFpxRsSwzTZgN7x%2B3qRXnuiUpXld3Lqvksxxtx7txPE3Dd%2BE0kekho1iCVxMih7MYekNK3XWW2ZvXf3GQqtTEX1Ka9RkG8fKqpTu9TSZikEl3gFOas3qrNHuwn3HBaHLKeNiyz4Fw4LVlViIrlRcRD010mlSYc73INheO%2F3UFCsnvIy8trpgnwyzQLwRU
2024-11-29,TES官宣Meiko离队,19.9万,https://tophub.today/l?e=d226Wcne95rLKe10MGKCj%2BEa0t%2FrQldy318Z4UzS4DS0b%2FNzyQX5uSm4oYVax8LRTYYdFv3RGQgEQyb%2FaEF23xrS3JrG6Ie4XPKk7b1ox09u2%2FDWGftK1YHgObDdgdHqJMkDSdqOfhKUsRljKFAeO7sOvZTsnRMJ8f9xi6ixS7YB9HTu68WAQXcEk73t1UD0K95ONzZRsRil1WlK4BxCkBWrL1UCHutUkw
2024-11-29,唐嫣灰紫发色,21.4万,https://tophub.today/l?e=f50e38A621zH6Ss%2F7Gdzb1vFXjRm8wVvVtRzbv1%2BDBUJCeDp6L4ZdmSGT5ive9TEqJli2YJFWduYyj4ia2iDZj6tfxJUIu9uC2ImGD%2BkTSg9N82hAPQ1RAMndOC5GlYv5QR%2Fibu1iCcwSFwSh1SVeqdnCWGMtKiDRynI73ZlCjVEn1AL1cNnRAvIiukunT6jotd9SO5MkHIutv2eQgZRGoUY3CE4yD4wMgVbikazmaaif3O2X1J0gnou0Dpv8mU
2024-11-29,韩国人的精致穷,30.9万,https://tophub.today/l?e=4596%2BCao%2Br60TQfh49efoqB%2F5X%2BtT163raUhIx%2FjfOasIEuawCNFVoTrJyZx9AmS%2Bh%2FyW1zc3t9a7hN%2B3Z8BqfcQN%2FOqyNSnOvcBsQzp80oJQjPeAQoV5xqDrcmURJnR%2FtPSQQ9C0H%2Fz04VQLmdBnuTfg0EwMQPDHIE5fvYrB0ryOOcIiPPTZJNb4PXo4v0eI39g%2F16ifpmveyIAbNlXcRI9rD9Y%2FL29BhRhp1kouhU%2FxXyW0xAnjMOtTT%2FO8lPzIRbluiKRYI1vIPgZk54
2024-11-29,林一长沙活动取消,21.3万,https://tophub.today/l?e=9bc3010WWmmWSMny3dV5GtYrgEYxb31JJMiQ8CywVeqFjDdv9eN83HtiSgJUwRf6bFRin8%2Bl%2BphIyW4U92rOfbel6vpwxzUOAIyZd0uNbKY7gyYQ2doROr5ETqZrtEPVSCswPGfSDrZ7wQg3Xuz%2FmlCas90yVMZqUi9XgUOBV0UwSb%2B5%2BJsKZat08Os8OwNbMtLnHlCz74jJ2rhtGcxhs1mUhmOeU9S3sqDMbX6%2BVmSNjwqDi7eLifs6hxzfnyLrKSR74J7Fz6sJOq5Nz7wuqqqDNgcBLAkpZvUD%2FVQ
2024-11-29,年轻人买的水果半数是情感商品,18.8万,https://tophub.today/l?e=b371YntEQSus04xl1senQjlgl3lqCVr95LdlseDyKHmP3xpwwy4BhVYbEVtbxb9Ek3lswUp8IJ11nHz8Z0DNibm1QQ78b3xul9jazK3M24m0RPrvAskNQjhM5YFaAeqjrZy%2Foja98U%2FMm8%2FScjuQVh9xPajyir1NMaxdpypvcUveqY7KFweW4mA9TdqD3pfTHmN9wqjGpmkbcMAzEhcLsonqswERiBqy%2FxuaAe29l9%2Fyh2rphlV5UsiCgimAHAjtRK1xCF1pkHzXj53i6tP5aydljlba3GtILpVOuFsoPLx8kcxbFjXD9LftKMzJ8eLl%2FVyt%2F%2BdjDxYvlUodVqXcLXqNfJYEZjow1U%2BsjV6a6mFs86TKcSWhsrQpB7lx8jOPq2O%2FWaTwYxA4ooQG3NjrYgyMM3laEhI
2024-11-29,林一霸王茶姬活动,15.6万,https://tophub.today/l?e=d2cb5VNCezAL5GAHuJMqDWlwijbY2T9pq1DUTuOzZH%2FNXIslTfphHfMIyzoNNoGBh%2F2X6%2FUhoqEnRvYXFX4sz4nTKAHCn1M2Qpkl823JSnZdkwz5zzDZxGKkOzkGH4Tc7sPff6bOHdGOg%2BE4ftSAkkwN0YO0lkJH%2BajMTRGvpsfqlcdQsqIl2bOAkaqeys0jNWjZovrUj8p3ZvtQWq2uo1FTb86zQ6tAmVVLyGAOH2%2FkbzKMYyZ6%2BKnfsRkAmKqpORYx4ju7nvYmbFY8YsrIs%2FMxbfGZdaZswmU0dGM
2024-11-29,侯明昊无处安放的手,14.0万,https://tophub.today/l?e=ba88gPy6YqgoVS%2BxGz1vRZI7GfkRdLTnTzEOD2Voggx%2BZqIzacwMPzxrrRp5xaC92gWfywsijGAS2hpUnkTLWjnakk%2BEUEcFIUgMFXXBDII692NulNByrUjJna%2BJT6e1YwFomZQQtPjvD5FP8Tllf1TnTLIlaSylr53QsgfOtA6M75uPWiIbjOGoois8XKVJ6QNXuXArG0yqTYx7nna6I3%2FsJc9N5ummdXqCiMS4SpF63y8VELC2jyaKMNKXhGm49bQ42U48hhJEA82syidhRwXRoNQm%2BLNSrNZgCGnHQkwThCRThGcaCgT%2BCj4
2024-11-29,上海体博会真的太好逛了,12.5万,https://tophub.today/l?e=de16gL4P3xhpA8%2F61QXhYN1SIxNskZwnw8nTOQu0ka3IAiovC1v6ZA2KazN%2B9vVAD3j7pbEI3TxaKHsul%2FQKTiLImknWNXc5VU6zhOlFsBDJ5Zy7LRxK8qYA3TwAoyWl4GMnYmsh7F%2FxJkGqs9yQZBmKfn0UZIEWy7k0F%2BhBcFS1vh70XQRFt9C%2BqLp8l3eYcHbFItv30vFV5GvFdyUivSdEMiaq9oq3T%2FxnHuw0%2FlE63KEJg5RzHZN1%2FCslzUUF1j7GXI6E%2BrPzyXkFXI0OMnU43BHfgZvlS6YbwJ4S4abDVsIqQfCh9jSzD4BWXmpfEoPkDODbSqf8QJoKO7cVaN7%2FbCyWEQ1z0OM
2024-11-29,容祖儿心淡全场大合唱,综艺 134258,https://tophub.today/l?e=ddfe%2F3JuurEO7odS76iLOvlYnsnHA1B2M52te9ZFlL4zeUURH%2Fm%2F48DYc42tAE1mrM0R3TlUZUM1dp3TvUhYpyAMDyb9ZXnemURUeVpPtYHqYfI6n%2BSNRFPZK52ViYOdtm0fmHH7JOPKb4boLz%2B7BCrT3cb6x6%2F3J9WWnwbsOFfIdNwU6w6park%2FIWMduPcU%2Bxxb6aJtVF95qpvvgYhNb8bD9ordUiiWG8VaXn0nxSX%2FZKTBuoB5hPFRJtLuCiaDlordU2j4OuAB9Oh%2BQPmFk4rBc7njKQKTTfxO9vkC%2B%2BUrs%2BKNSyrgTJP8DZ79abSy9MXDAo6jerUrh88
2024-11-29,王源头像P了个新帽子,33.9万,https://tophub.today/l?e=9a7fQxT%2FYZr%2BNIIOhjy7fcdUDc%2F5unPrO8VSWYtf35RfAmielIQ%2B9iybNfEERqWr5Aj8xDQWCSc0109avl01vAjE3nlbXe4sqiqWZfXRXVmCgGcbhDL3GOuXtw9w6wHyJJsuXzL8%2FWzR3wYsuMBJ6l7hFhyZzpiWnkACdEP40HEZS7XT8VBAutaNTaCDjjfaQiJhBFkdsv0yhcSuSDBMLsc0u9kMcuPC0bVTm89%2F102ZSQPlfSdMi5u5V2%2FubuABW%2FD%2BpN1lOgVzCOOtuqMVM70F4i95BkuFGXWijLzGi2w19A%2BGTR2JrisqA0VY
2024-11-29,再见爱人4第七期视频没了,综艺 361721,https://tophub.today/l?e=4e65xNfxnM7nc%2B2SmG59YPYkLSqzANBBFTV8jr1hOh18LWhibf6DBSRglAylMifGPckvZQFZhkU4JhP%2FIRZjHj2VWD%2F14vwLRT8YpIlySpU3RpaelhaZjaWX8We%2BVkBpHb4WY62RsA8WkOE1uibVIu%2BRtaGDmODcdu1AmdYCe7bwj%2FbBT7jT5sJsrTTQ2aka6rkFMeLOxZYqHFX6kfLv5QrP6QRhFqr1iAta9pbgRdiUdjL3PC%2FyNMvT7857uRq7PABTo2R5a9oQeAYG7MhjUEzTboWwJt29%2Bk54mCC81luuciAqHHVldZwqiRoM1oYikC8hzlc3MdghPkOYP3kqjANzYblfXVCZz0VT
2024-11-29,优衣库创始人言论争议,151.3万,https://tophub.today/l?e=dd35PPqbQivzq7dvC5WPMqjma3w2QUeEG6SZAJqn%2F8ErYwX5hcJ6P80O4soDcgc4ju4xIup4kpPUP%2BcWvCrqAQch0BEVq6lX%2F4VHycRsvfRKx3CV9pimpSg9AKTf7b1Y2Vo8mWI%2BSyOuNT%2F2oD0puGkkq95Z04LdtHV98La1Y23DBd6IlC4t5UtutoDWjeJFX%2BGgJk2PNAS7V0chg4YnfbCPSLx72MVxUnIzvtQjpP870Zvypz1u8YC7aMlNuKg9mvkgSZML1BN9tjTiKDBnR57z9ZQ7w7HWzhE5XjECaxvpXU90j6EeMXnLftcCRAdiRSk%2FwEPNkup8x50
2024-11-29,丁禹兮看人深情是因为六百度近视,综艺 209505,https://tophub.today/l?e=5ae5i%2BnjttA%2FJ60hS4VsLnxyL29syIoDPwp%2BzzPWOmfv5kpSohfurkqwJSAmTuWXGxU0xlU8lvO%2BCxdxkPaTnpTaclp%2Bd8QBX1I3Ed%2BPwACPMJ5C3dqBs%2FyDcneLYhkslmVahxlbbQO7CgQHUY3stO6aJXwree6EOeCiMQj5QI%2FFL9DDONQXIEz472mKgafzgqNk1MyUNhlbPgE53lC%2B04GM%2BWo97vFzjv9Fqjp2xETLPbeOrg6jloaTiFxDC%2BTD83lbojWElvH9BxYB4BlWrJaUyDg1efEcJfF4OO0y4wNDPr0h0VwBhVtAPIQwlk0Iy2kqmSRD18AtXOgP8%2BQMNjbAvEAl3nqZT3leELVdF8ARqCQQvSV4kRmNovcbMaQVWCTBEnyqG2Zlf4gROhebDtVOgaUZUoROdVDX6yDbhtsJZiMtO7c
2024-11-29,奥斯卡宁荣荣 新还珠格格,剧集 126779,https://tophub.today/l?e=87ffXCC4E5XemexxDw%2B5GErvq0SqOUjLihgMii9UB3EVOF9pkos4kHHp6JhKnMzm1f2lARm6%2FuBUN85Ikj91HjxlGjO2Wwl5WCXlKRSCqg4JPUqb1i6u4rgCUMQO7vF2XO6h93mU7FT%2BxsMiAfisoSgq6OMBXpUYoSxEc4diFPI3syQOY6PU70xFMtrT2hB%2FnGrXPB3b%2FFgRp4f4c4BBlg%2FcHMDDHZ6nrM%2BbXKxS6LHOxOF0B4BuxUEBuotUhF%2By2vp%2Ba4ut3ii1FXbxpwB%2B8vjyfxOXNNSEBz%2Bkg%2B8Z9mJu0ABpkrYwq%2F1pa553w%2BBgKB8xPxl4Ujncuv2mkgRNBlxQALrEIXL6YJaHpeA
2024-11-29,丁禹兮 包治百病,15.1万,https://tophub.today/l?e=23dbZJgoWMlJ%2FRp88fORGR9sehFE%2FvFcgB3k%2F%2Fl5%2F74ic1k2MPQViaK%2BCoAd0fAXa6HG3A%2F3Np3qh3xxFcZB0h%2Bmvj4xfyhfIREUih1jRzbb0DZNQgLjV8QPFV2DpjkZbzR0Ssk03i9bG%2F3yItMV4Dr0f26A6oQwWUZZKhi23bTQ8cUAxFRI5HPbmAVZp9PA0D%2BRDes5dUG285%2FPaxDTgFt9SugppDEUg9qgi3TxKtdqo4ZyEEDkd1nAul39Sr%2BAI7MwsJ30kCk6CxiMJgTy39M
2024-11-29,孩童被未拴绳狗咬21天主人未现身,146.7万阅读 | @百姓关注,https://tophub.today/l?e=6d9d%2BDU8fKrbZ3LY4Pxo2NVlHJMLJNL%2BtPBYTFPBMBOPC%2BvOSNEzZ9z%2BTJ8uTlPbU9LaQaALFJWiVfY%2B9eCW84DzpGMnfhh4o23GllwfDpwdtvYcVdBO2A8uXw7q7Reqz2%2FwPWVlLwyIq3lc0j82dlq4wY5UGMxBeWacfGi%2Fr831MlCePv3Dq%2Fh0nPNKyAB6vgRmPfElabdJccwTPhVt%2FbKkZKbC6kGThAQ3tPCTdoL4GnDEoqcWVD%2F84OunkueWQTEQJCMeI0sSphT874fcm8HgiYVGwt7mTqQk7F90hwOV%2FEygjXhk%2BHhOXG9uv8K32hGfbaxRUpw9yDEoUw%2FT4SLffU2vlUScVJQWRUq6uqYjjX%2FyH466FRV7hwFZox4uXTlQDcED2jBWMWqnLjiIQsaojVQkGXFRCA
2024-11-29,MRC对战GW,13.3万,https://tophub.today/l?e=148enwwcvZ761Z6F%2Fikw8JCb7Vp2zyia8jpAWWhSFmlP79VaXPRSnSd2YPOafw5lqjVl25k92Qy9TUxG%2FE022ndGSwFTrg1fNEvTNgwcNkRly1YttRvIuC3G1oBJg%2BulA8Xtjg5SvERaBoGCR4MNlDJT1kAJ23YpU0eelOL%2BFd8%2B5MjWsZzqqw
2024-11-29,有毛利兰陪伴的夏天和秋天,18.0万,https://tophub.today/l?e=c025YOr7NDNlpsk5xqo%2By51UGuqRiFoCze7fwcxgtEeP%2Bl3aw4d4KIYw9dofrOYP%2BxYozafffvK1cYp6cgc5yz8AJTKeRiL6aYCiyS4umL47hBjhL%2FweRjHGsrLVc28nMDkfVnn6I2ocuraC4te2wbX1trIQzxirS5q38%2B2ot%2FCgQAvOVOX3Ke%2F1YM63RsYbw2px3swDeQP5Iq9uQLr%2FiygIWgA6Yv%2FiU4NfbvGhfH7MpLVKbGvUy1TepJV2QymtMAzp8O23AHxjw%2BJ2CP8oRfMjErgPfDWuf0lvwIMWGFRPMEoGPz310vwzJO314yagUCIeGnY7s1O%2BSUdbQeBZx56MZcuCscV8fM%2FGaHPlJ3uVzbRvmxz5E1A
2024-11-29,南宁一家长称15岁女儿孕期被砍伤,16.5万,https://tophub.today/l?e=9357IJSIQP8hJhmhBmq0W%2BcKF5YQcKB3LyOXUSF7%2BscAdaGdYKNQBuuLDF310Kp08nDUEWb1s%2FyrweplnIhw1eW6NCgGXfWCuvQFumTKkkV41AqZI%2FdPOIzpJgPxk%2FbH0wXspb9cu4aAG9T26jfkAPVLzckPoynfBHFINJgO%2BdVXdYyYTvYCx6T3CcCiiXkUgKADiIsSjMWKuthJ8eiFq1ybpd5v6nOnoOAa79ace3%2F6sdFHPsCSiGZ7Qx3wHW72Cm%2Bf9HD5k3hHjZP6RVQuZKc3wQBVjnv4mVgt3SGKtoD7Ym%2FtiedlMlvvfabxld1jxgdiEHpgwOsNX4ACwvbPDr3sa9TKtxkKUsjwJdOhyZX7paDlgOpZMlG%2BuFLB4MBH4bYzHevBbn4EYv1Cj6ie%2BSvK17i1CS8UGg
2024-11-29,杨子黄圣依 人设,综艺 141898,https://tophub.today/l?e=f57c6LoA6vY5N5K843ZmDmQ5A3D1Kr0L6NSpYFCDtiJ1ocUAi3Dyayxb6tsDRQ%2FN%2FFpIIImSPQCyd4GZwIcJzVmFDQhAyfFx5lm0TOwcWdZGjE7lXv58BJN1o2wI6Fn7Rvyfb%2FivVt2iw%2BbLBKc8M5Lc7BhVN4LqHk719%2F%2BB%2BHxMF%2FK%2F3gYYllME7oio%2BTShMl4jtoePKmtOKGld4VCKGYs4EHRpwbjHuxlYsHth5nAd1Vs3QT7Fw4m1Ph%2FDdKlLBWOVfejdDhF%2B%2BVJ9JqB6yyI
2024-11-29,张予曦 初生天使,剧集 127019,https://tophub.today/l?e=1a7bqQGREE1vSaAiEpNHQ%2BOZcajXdCahcqrnHrZxT9x9fCZ63dgLduJ9%2Bhnpd2%2BQbvyDkZbKV0dTwX74tcjSAMvJ2FZhWMyBqiiEBF%2Bkm%2BNmWXjqwJOCkSszIPo%2BBB59vNOOfYs3S%2BtMSvpNELA31WR5mwtlllyEANCNigasoo%2FhrS%2B9BRiB5KjNt0KGKn%2BB0uGMgUJmQzXyOUZMMaytJlZOhQ7xu%2FuLiGYWj4NyzqoG%2FL%2Fy0B9gste4zojtpSJVf67a4jbAay3zUyiGgrFzFaw
2024-11-29,3人1分钟抢劫金店价值千万财物,27.9万,https://tophub.today/l?e=afd3Vsafx02K5TSqeI8bNK6gW%2B6Rz3QADnF1%2B5GKDl0XVBcbBDIdE8zdz6gUZVs9AHEMS7ACJodNGnxaAfTpXqRpIggxDfvlcrRqoKdVFzkkd2TTptgYdfyT%2FWezCFFU0vUvJuWw05BiU8aZU8wT0WghtxtfT98lIRAEtMJZ6zh%2FROGehUq7D2bujr9X4RGtQXOwUztlDGcdDQyN33YL%2BZbklcVpQCk%2FicoeFj4UdKG1AZQOSS%2B9PG3yqnbwKJts6oP8Ix1Fal3mOrqnekNJnyQD5tNHNarL2rw0TanQOfIypYAiBnOH0BW7VOpHGCfEBz8ykpGmWfHD5NrvBf%2FvLKNmIYMDQEZk%2FhLrmeASYp8PYGFtX6jsh5h219vDw7PWvAUTgbf2Vmv4Dg
2024-11-29,派出所回应山东一金店被抢,19.1万,https://tophub.today/l?e=bab3xu%2FDto02uWw5k%2B%2F2wRmMeOTe9hxGQTs%2FrWBB%2FBhiYfNwGkMl2fu7qMAg6CVLtvHyXuLqZ0Yz5lH1PsRGWFS1RxZnBfEsAWf%2BuV%2Fnz%2BxyNyrZU49aDm6dXLiEap1OvASDL5JA%2ByXBEeZR%2FwMz7if4nHOuC%2Fc2l%2BlW%2BI0O85FGkjmU8xSu%2Bw8OkV6CZ8i6TaMcuex%2FVlXbr5tlZtU6EvjcWoPLIR89qSr3AG1%2B71rGDEqteVoY2vUDzH4w8TFQF%2FzQ5SG%2FYmcNdPuj6rikaZBMwBfypdsz8On%2FPyrmnaAHuqQ%2FqyJvjtEimc14INS91XaAMpvlJlNA4zJ2bANwAag4JHWXa%2Bmxs50Zety0FeQNaDLr%2B1qaVXc
2024-11-29,珠海户籍居民可一周去一次澳门,15.7万,https://tophub.today/l?e=b55fcBnygWs1YmBFylbx%2BZoUuSRgjR2W9LZIWI4VXqQHHIgd%2F39QdaKJ%2B7RSAsD%2FczM0WaVPL2yc36PWCcfPnsp1FTjcgtFhRlWRN3Ap1qxn7oONRR46BtIC9rg1DfEvC0R3ZH2Hh63yRZalcUO0tywVVjERFSGzG2Ga4uGJ3QYYxzO8n2J%2BSn1veOjxiS%2BskFvUXdbeeSt%2FcPnCvrT90t1tqsRo8GBiPOHHF8ImNCOWnMp8OBQiNWqmfx95IytvlcdHVVojtlNH9wrQk3J%2BsEQ%2BRyOE%2FWzGAGluM3rG%2F%2F3hhb%2FYG67OgfVhEacYE4FwPTcsNz00tnV8Bpy7VrZ7CI4nh83t82sll%2FEhoQQF%2FI7MBhlpdJWL2rzo8EIGgMVA1zPnDkcr6xrHR70HFRlA3L83joG9ZYQ
2024-11-29,蓝天救援队辟谣外卖小哥海上送外卖,,https://tophub.today/l?e=8452ACMk4wt8TLj9oRuxbiYnuIbEyMFETaXsCJRdN2swDzDJjxpYYm1gvM9MPDwB2Rsfl0dnwpYQtvtPQGdQPPG4tkkRESursaKTPMWQbsNmXy3wjOo5AibfHaFAEMdWRnYcjgPC%2F%2BigAmuc3UhxMt52R2Gx0FycOn0BViFXEYPYLnq0WOo%2Fu%2B2SBIGcURy6TYXZj4NNqXAsWcNr9GSU%2B1yedI7lVNy42qoM6wvxI42aO%2BgZMzVJrp%2BRNpLyT1cMnXH7rjybEMhnEKZdVDT%2FF3su3%2BIREwieBFy1F9IbqepRufuhmsNS691Q3H4j9vmM0ZgxOZeap9yxCt9c9LORKkN71wlbys2EdLfD7BrJrRDYBRMrFxYcSv19clIC917H4YzVyfj3uKGWPAYuFIv9SmVMY1CdxxqgGlxs%2BoUkKriAHe3WFH2UWKEdiKMf%2BAXEKO9r81A
2024-11-29,卫兰她整晚在写信,综艺 136195,https://tophub.today/l?e=4b6epSxpASfdFcw2s%2FDHKEgZbjOG%2FZ%2FDfKgmHA%2FtsRYEW8%2BsEgxUFTKhxKViZ9TcLM%2Fgkqsgq59Yg993VIieb%2Bcgo7qp1x6n6hnPAPDmz88A2L%2FP%2FFoE%2FNuEJ5O5cdbeWrq3icn0%2FChVxf%2BMQjW1TbZGOg9bj%2FWOnGs4yAQW6qr14f9mBPkAtMFLHl7FmXN1V2kr1eIXCW5n3%2FOtKvOqM3p38HnIu%2Fm6swoXgAGRmj6KDEswfkZ7QPb5HCY5nALq3X2c2%2FdBvKqx5k4apxRD7dloEjGVwL76x7%2FxhE0
2024-11-29,鹿晗好拽,40.6万,https://tophub.today/l?e=32c9uBRVopOxWcXD3OB79xslxL9f8x0AaC1ahMqgELMHpUToDZeiwIoLoZoe4en4RLfc5QXFjG4psdPSpZH6fJB80xKggd8l0O5JoFD0JcbRfD2cBMWn27x%2FXWvtoRqKNIGyy8hnNu049mVf3BOn%2FKw2AtSzZq26RW4ABWTg%2BRTsyx%2BdMsXR1CN6pYiZtmQF8u18HGtD%2BjjAGNo6jgSPRhk
2024-11-29,108是法考生的幸运数,17.3万,https://tophub.today/l?e=8ee9Ksc6mFZa5oXdcVR6vrOmJg%2FnfEAeSttZtwx1WR6rLbv7%2FeUrOLR7kAl%2FEt9Ke3pYET%2BQC%2BvLfxZRNe1z3SkaYPHGrTWbh50hCayOU57FyLqatlR7A5qKyI8051seS0btXmznrtc%2Be40xVitYT8dXG7cWr6ymfYQNMsx51AMj5gs7UO6TC%2BvKVK4JyZJ%2Bjg56Co7WXVcBAe%2B33u3tXJOE%2BmWP6D3iT7WURGiiQcGd4kQjhN0iaHaYoOj4AvW91NLHs0bwP1O9L3kGxyY15EkYqANCayjlj0Ma7LCniEM
2024-11-29,NewJeans解约发布会后首现身,16.5万,https://tophub.today/l?e=5c7aRfUUEV3tbSujc0ONIYRuyaWUxLjSzFHeE5SMJxhX%2B0q3YUHpt2L8SCEmm1uIGAklt2KXl9At9hF%2FG4ud4aBwyi%2F%2BpqnqRaaKp0sr76JVW6H%2FfXEOOoo2paTQzxqfC9o%2B2vR9vNWjEthptkUvIntB8vnN2kDi9CjllU9GAw5EZfccdqX8KUMv56yHHNlitbF%2FUzz99Hu%2BC79O8%2FAk%2BunGR2%2B%2FUHQnqVANsJFBgkW3jnst%2Bfhle2oo9b2H%2FlSvCqFhlMj64ptYPsmG6Yag8IaKzQbm8RIYNr66WWLE9eBRi2GebGeHRHnkQsU844Yu3mOqwA
2024-11-29,唐嫣COSMO文艺女主大片,16.5万,https://tophub.today/l?e=9591WO88XHfCpiL4tcp1uXd2O%2FAuU8%2Fu5%2FHHesrcUMWQdpVGrPj0nNitqkFY3PYZUfBDm%2FxWC%2BkuD2Z4zZiVXsiw%2Fq%2FiGrzj25O637phfsB%2FKm1WxdtiLuhE58kg1Xr56VEAjT8qp8ZTfeupaViks%2B9HD64xRdtG6h3Mm5MVdoIHahn6vVlCAe79GZMGYkxyDZUT0VdjPYfG1fe7GX9Tpf5GrWyYSJc%2Fcw71QC%2BOlPXscwEZNQOAiFK0gKi5f5DIrklOAgpenBf4gFoyViZ%2FXipd9Une3DVIDPr91WCO%2F7ZpOQ
2024-11-29,何洁时隔十年再唱rap,综艺 181138,https://tophub.today/l?e=803aIU58sH3vV5fSwNB4wQ%2Fth3jxR2c2lmfcXQJp%2FH8uDyLvPj9%2FAy6YKTQLJlXelO5O5qXYDPIWYK7dy9N6dzRO6DUSAxz34o0HHHA3Wuvc2R7bOygV5WfAsEMfVssrxYZdXe5eASszwcfnvbOhGFLM52Pe8OG4UkM5sOR7b7U7BBbTz2KVaIfKL%2F54Kf1i54ZSzizNw7VHbgs0oW6rkEkfG31bGajfAddzpzHEE1F2VaVRurug7aa%2FmTB8Vr6ShzMtCN%2BtJe7zbiDv0Q9UfBwmpJXi9R08ad%2BU1kRHITQ
2024-11-29,古巨基cue宋亚轩,19.6万,https://tophub.today/l?e=0b3arwqaHJExX%2BLmPIc0TsTfmWWonpzToa1lsDYuM3XobbSB%2Fxvg%2FxEzusHxFaheJnZsBgZ%2B9tg2wR7g4s890sed6sKTfH%2FKGsR2nlKGi108Y%2FxA7dcMgz6Wq%2FdWama547wRrkYtYQEqp3f0qNytRb0qPqgpj8%2BLUidjqzszfh1A7Jq2ALTuy%2BfOvYxrz2uqNR94jJM%2F3ErlpXmgcNEiAgstQzvfXqZhX6o1QJkGGY0ZHY%2F7t2ZlqJBiB5CvY4SQUDY
2024-11-29,WBG官宣Crisp离队,12.6万,https://tophub.today/l?e=4210zpto9B2mRvV1P2x1MHHAo2iod8S7P9pFzsT1OwiYRmO6Vg1Znegzu9rZJv3cJSRPB7mWA8rp6DZ4GjUtTQSC5LbzuB9EUcptOzb7EwcPY9G3vLya5wIDck19mH7ZddXsR402oN68PdkcEo7IbteougymLxzFZn%2FNu7HWkScMeavb2HZO0kT5DxjTmH62l178atCsjU40IVJxyobz8jxWpoIDljrXHg
2024-11-29,11点05分是郑思维进国家队时间,14.3万,https://tophub.today/l?e=672ckGW2fsidBcgkLtFkxfPeCH1r2hXDG4xYrXdyQU7fxKcPu%2F97QDumYnHUOOACwVGx2b%2BFT%2B48MPiNMGpf8dQezbNRZcgQ07j%2FADBVX1Wo%2F66GLWzmhe%2Fn0fYCW%2B7WOv2uR7UsL%2Fs8NKWP8EjVw3CysPMBAsR7R8d1DklW2LDokD6HKF8egWleYve10HPvjn%2BgB66qKDy3SeHAf%2FyXE4k1Np2%2Bmar%2Fay1453NVk%2FGlI2Jyh5qM1BWfRemIVcxWYe6CFvnu31X9VmwxLOvyjNs2b5UoizMdE63syM3Bk%2BALgKEdVIr1u6wuNJLAoJOS1k5iOdO%2BDyZB%2Fv3fYHxJj2sJyWVd57uV%2BV%2FVhBeSxb667M9tMR2rGqscY1cx
2024-11-29,黄雅琼回应郑思维退出国际赛场,36.7万,https://tophub.today/l?e=1be6V%2FR7UGB3oR8yS3twpYoMeC2L8NWODN2Inh1ndC3Fahglss2K77vqaNjY7A%2BlyXRJqFMMJqAhC902hMoj1HnNbKhwGg2QxHzZ0sDrNbI%2Bm0TNCW2Vw%2B2x4iDml%2Bwa2b9VDmhHqnaP2n1ioPpU4gdP6waFM4UGn1WJl16A27Ebh82MEDYYSzc%2BWaLCAirTaF8zaLfBDW2oADz3nC4b63EmATWCq%2FE6JRIhRfgWl%2Ftu3ZRU298il2SjCAGtwSanLNQ0fCJQTFsBFoZIk0AJHWG1mVCkKAMD3XErS7giwjP6U6dc9xn8zGp6LRCsplCePbeldH0ZfH1SGFZJiQ5CWyd7Uriiy5x2XJORi2rp0uKS5zKr%2B6ssrd6k1f0B1rbEc%2F7oEtw6gzsL2S9230BuqaQ5qVPvvBA
2024-11-29,中国奥委会祝郑思维一切顺利,15.6万,https://tophub.today/l?e=0f2eDpzx3%2FYTC9fG05u39zhimzBcjKeooXdwY5ANR7sIHxfLUBzCBHmN7ykQ8XxfbQfLvRjAmM0NF%2BnbY0HPuX8%2B%2BIyxvNHWQjl1w5WWs9JM8tAxtfL3AFJRbGmHXZU%2Ftl5nFKkaqno1E0AojD9nRlAMNnrTVhcUsl0OSRCoHYpnaVhiXLEoDMgGq1xFaUppax4W1J841so5MWGYb2JMyhxrWDZUJ43puTzT%2BijQvEIb87sfm3lZuVvh0h%2BKtew6s5KCAt0MZWAEGvVRRqHS%2B01xcRst0eS6KGR9fC1dMHFDJNuGuIzw9wGXpvZMrXIxL9fHSpGXBgGA%2BnjJS2SO9EdjQtoWXla398jhJ2XZJ%2F0%2FKxZe3xNbp68jJYsEPyvewCCNYGJv2O8
2024-11-29,陈少熙预言家,13.6万,https://tophub.today/l?e=0ac40QXMsNR00ITbuu9cYxzrdUe9MQetz9YvJqU5gWaB223hQuu%2BB3UjtQHGkw1Ry82vD9J2Ph3l9tILvNRa77rQUnbw162CxZieKu7%2F7NlhOAzkjfTGxemj9mMHK959hc2i1aNZvMwIMIBYodfqkc%2BBKWF4Bi%2FiKAf%2BznZUO9YpUlUSbl4PLTyV0t8y5zHL0x0i%2Bka0Vx7%2Bn6JUfl1zfKwun3ew7yWNO9eSkVD0QY1IvEvGBJhCYp92X2RGemA
2024-11-29,羽绒行业人士谈生产内幕,13.5万,https://tophub.today/l?e=75c388d1rVAQP6b%2FHfn47Syyw3pM6mllpBOmi8zJTmoY1ORU%2BgJPKpJSb3adN%2B8EJNiNIbGvGpzh4VWJvUthPUF5RwsGs2Zkr9U5tbayuuEeHyun8v26EZb2QLsNhDV%2BFyL09McLLBMyYxSzBIkyalxhCwSACRDLIl%2BhgjhpBQcU%2BhC6A%2BpdFX%2B3I4SdR5duoqopIQoPOLqRJK80rCgCJq5tM4eNGnMb5YxcIpZzjpYP%2FO9DnrC50KFUWpOb1oAfDtSJI%2FZ%2BussJCCh%2BcwgyBlMN3jqfyI1Y6sTEQN05UC74NfC7oXXG0IRnJrmH8hzMbCn4hUJ2Be0v438m2MrTSBvlUW4vF24TfD4
2024-11-29,官方通报学校食堂吃出青虫蜗牛,468.8万阅读 | @新京报,https://tophub.today/l?e=f3b6C9HWcBl3AuLodtsg%2BYGTtUTWGkyRZcKqqLuSSK0BmWXVED4G8MuAXApRNPs39c9Asrbs1IwOToDWcjYgoIlBun07HxhyXyw%2FN7q3t8PNNoL3ux4xG7OlCnKQr8llXm5Q1Pp7Hyc%2BV0AIigiK1mk5RGgKt47sRTwDodWvvJ3nwb2cy0sAFyMo5BOwb8Q8XIphHoJZtPWht5a24DCjHaGlWBFLejrVT5RH%2FFx7hR6nc1XyHtk3ZA8ZNClva%2Bf1gJiw2lZclPh9l8XsMNW3ujPtWGpB4Uy4CNuDD5vgSqnz3Xl32%2Fy18VC7FyI95x69nAwLkwYgWihMuWaCO1LGzUE87TJLDxEOQzqRZ048T0ldXW1BVe1EMlCZatQlEMZz9KrH%2BASPGdXN7462oYebcDjTCVdvF88
2024-11-29,婚内婚外老婆情人饭局修罗场,剧集 116034,https://tophub.today/l?e=273efbA8cqgxOOK4YPWQSvPRlwNDWjq5LUvrTDWwqKjTdRESdQTJpy7z%2FFY5T3abPTxdfe0XpkRxklNyi1ZZZ0%2FYA1pgsqfyenda8nxX4L%2BKQwBfO6QPW8HNYGcuXuKr8Cm1z7TYYYc8R18ywD%2Fy%2BYn3IGl5arQ17QrJ1heQUVN63mnnT4FRQSA1c8Wrlc2CMYk4V7tZ4BoFGx1d1jpu9uwZB3IL1MvGflorQkun0eTLWX%2BMatp3zKVFQ7fpLMdjEU772SkxoKr3fSwf1Ktn%2FZrIwEm1%2B4OE%2BWtiaBlaB3p9tBqZKCTKMVqzbP3yQID2m01MAnJZOjTZFtqNZbcYBVy9rLI7fckirbNLFGeO%2FRI5bCRbjdk42sUGddKwNOrbnsQMk%2B2IcWQ
2024-11-29,Puff和Langx和解,22.8万,https://tophub.today/l?e=9020XqR8kzXE0%2BNvORI1NL280q80w%2Bit2wVvWNfBk6xha6TC4ghZeSHuVdjGUSWRLyYR4dAYkOLy5CMFye4GWiSvp6fUjVm21TCmWp6Ib77MqR8COE1cjJQxjxiYl9XAW7RpUQC6PRmphXIkQa83xCKCA%2FcPj%2FvRyEBifdj%2BhGbap3TMmdhpYvtTyBIGBFMthmvNlQHGtUYPUYM
2024-11-29,国乒备战2024成都混团世界杯,12.8万,https://tophub.today/l?e=6e10Z5SZmr4ZBC3hqB8ovIYmR7nIqAO596zxOBMWSl97mlOrIqwYw3A3QIgn3buZ9Y%2BOrQNvnlxK8JRG4%2BQb%2FvY1kgefA9Oj5RLpGxx0tOi4SxNuzvJ9a5Fo%2F%2BDaRS63hiuReELUmDjfwIxTJujb5L%2Ba2ZW5kKuPvayVA6h5Xox%2FhzIr9LHFVCAR%2B%2FouZyhyiQRlBUtIVOlYX2NvjOWLbWFypC33yx211Krj%2BbVvyRQlpu9WKOHa0xLwiquPHOFIjus%2FB6OYhRcVHtclW4BNxIE00RdiK2RVkQE6VT0L5nv4tmeOviIxibE8KiIm2RDxUyIbnVIkdcV8omAc%2FsWFVwZLlW1jIWYyCfuojgUu
2024-11-29,苏新皓我记得那天阳光很好,22.6万,https://tophub.today/l?e=7cbei%2B95hMd5He%2FX%2Bf1aBMP6xlVHjJs9akN8a8a4ZhcEvn%2BXFQxRkKqArvhHTAPJuQM3GsOLY1hORbZdQKlgB8rJFZ1vXvr1%2B1QZkhcukvqrg3HzfQnz%2FU8NIz6HoBIBVTAfvL2pJM268Af50nZuw66xSCNicgoesKnC2CIvi62Rt4eWXyTx%2B4pvfZtogZHOg95k2f4sIdnHBlXJPpeDbT6vYgJ1JivWT0pZQOh%2BnB3msMithzof7PG1IS0Kvs%2F6fw8XJkaPURANJfK9vA3TUJ6NI1s%2FZuafLRLe4GTYp%2BOfq0d32qEd808uSQfyhVXYkRmSfJ4qclOQ0DQKXHxGL6NU52iyeJ0ZaYI0jyEyD7v7TBqc4HVaRCc
2024-11-29,金泰亨单曲空降,音乐 168164,https://tophub.today/l?e=680fyba23SGd9%2BPzY6MWGuyc7ptzdfsgO4dhllA9e6XDMkbBR05f%2FuKjwo1%2BGhNiQvobzNaGOdQ8idpgTanj3qTKUi1pE63GqyDkBAqGXNoXol8KIXpuzg79AgHrMdGKb5A2xUzLRLVM51OZPPF0u0PouTe5o9SauE7X1I%2BTEj9EvdisVheyFRqzKBi12BV%2B0T0ISjCxabnKI7JLres3fHIYPleebIp5%2B%2FIo3FbyuZHpJTq5XxOlWGPNVd52%2F1dB4hY9ZDmLC0QwR5nnM1c
2024-11-29,唐嫣粉发未来造型,16.1万,https://tophub.today/l?e=3963fbWXOZOEFI2LfbRHbTnrbddIhwALNJFnwoFuu8HJ6ye4vRjyRHJJwNBWmRJjpKglO4DI%2FXiDOW6Q6bPFGOQRkNiyU6A6%2B7jc3NKPf4R305fRXTDHf0CQSIT7eeunRQkzeqHkWxsP0%2Fpjf6zlgenZmM1WqsYxXGngXsRkfS1u57c%2BL%2BxzAu%2B9UkYQVMBHLGfHIZkcXYHRPo0GnHC4ISvHXHy2%2BJ0139RzJfG0bcw8LKp2xzCJwSdnfwioyFRn5rE9%2FV207VANRvGL8wQ0ezwubFmW4%2FIgtDbNfZM
2024-11-29,冯绍峰接想想放学回家,39.1万,https://tophub.today/l?e=197eFfviJZ36xFt8WmteZvc8QBfqcswyuyeQiwJZyaSx6DiqsBGCFFM8r1vwkyKkRg3rS8UiPoNAD7mEUx3%2BXMvWaXwoCHmo6TUzSsqP9FbUanOePshSDQvFmYLWAmXv9HvGGWh0GcB%2FqrOIpnWzJiGotd1RPWxY%2FCCK8RANiBHAasHEFBBSDvUdZ1Spw%2B2CDRw409izwgWkhcZaoPHZL62z7ErUE7LSh28uBg9K6dvVmzWnD4hRkctYFWs%2FCQEYkxmlN1Bh9grhrue8TEPXBJM6VqSZeArXQmZVPBY56z2SbDhppa3aPX0zzGCxiGRUVt%2Bn8XmaQCwXhv4
2024-11-29,冲锋衣成顶流是靠什么征服年轻人,13.9万,https://tophub.today/l?e=7b7cqvU4K05tX7N7jV%2FER6YSYggc%2FRWxl2dR9n%2Bs4ICJSYK2WSHG55O42VU5kenDhvc2h9tBiLeq%2BknqjWNoEY1QT3Bsjd4jox81XsPj4v0qThGQCUXy6j34qUbmE%2Bvk2sg%2FOPxo4jGIqRnzySfduRLVM5ahB8wHcmOtnrvx8BnT3zM%2BOBGaBjr%2FYzxUdJJxOh1J%2B09BzqhOAZAWWnB9iuo9zr5uXo3z1TdDiifBMdQVmSzYGN%2F6T7rGdpg4sbxPQwFQAZYdEzUvbEVB%2BbGGWq0uI3SDBUMJp6bhEsD4U2%2FTJ56Zx3LufdL4uSQT8s0brgokFg0tIe0qs8Slw0tdlds6Kdrm9UMuBP3HiEJ%2BJEcJlvB0PXzMwKzFGYBPQQSnloKJljnj1%2FspDamq00V1l7cY%2Fw9aTiRb0uXiUO8D1oD%2F776M7yI
2024-11-29,闪耀的恒星含糖量百分百,综艺 186584,https://tophub.today/l?e=9e55vqNObam4cj9DlHjmUe%2FJe26E9gimg8zjZHMhilLMv89XUhyqYq0Hch%2BYqSO7OcMwos9MfuXJ0ALodgdgulWdfV2mLAT5OAzZQop8iY%2Fh8zyxLDymIjlvvRikvIA8Zo637jWAHFbdISbZAFyh95jUe4l482lnNk2EFrFn%2FoCduFr09PTI6iB9V7DPqu0N3xCzOkn7oQQA1i37%2B9%2FJqQTZC%2BD2XJK%2BKtGVz2sdO208LSMuHhKt%2BjeRsc1Iv%2FwdPlx%2BpzpE8vdHEIXdsV6ZsEql%2B4W3oVG2skjWW0LbynCf6Uy7aUS%2BmqizPSs1TLh9viszapSzZMDJ8IYC4SI2WfHlalYBbo0jrWI
2024-11-29,赵樱子出道12周年发文,19.8万,https://tophub.today/l?e=dc0562rP0v06wSNyDQoj1HKh1dFGCLESJ4tWhX5mgSItEE%2BbWXGNnqfBKtEMNABew%2FJfEcj78QiKo%2Bbo0CpfoSRTjwBgx17d5Ve%2BRtg2%2B5ou6XbDOCUt7ifiuVArLsgLMMQecaw9LrefwzCVaFbH8kb2jcpxA8l94QCRw6Y4hP%2BpaZ0nOvF%2FFY%2B1htmprmBkOLBBvCJuyUQNIoQLlLscvrbBZP6kZfdYAuk6QaDm1izKIB48GoDCzjvyrids46WLjA%2FXD8tcMs4Ivo9SprmQWegxlUs%2F2qDYc7OP%2B1lYTg1eNwdBPWsw%2B91w3WqEgA
2024-11-29,世界羽联发文祝福郑思维,18.4万,https://tophub.today/l?e=6205tdrfArvnOPlsmbbGSvQJyRuf7jQsy36fxVRxs2UQ96WGfWm%2BwWvKhsQioYewWZBvt%2BqSC1P6vbZ7uirGK7MbRsKKWnYX%2F%2FJjROg20vFiuGRgKc0BDC%2BaFw6NhusZBdzxnExClcqjFt%2BIGgI5xBFWv4Kr0PRaupwl16ixHY8ZcszYqf9V2T1oqP0WVTTHgiPqo%2Fkqvqy58JQHnEeC4X0o7DffziDK3eMJ8y54ggeqvqI%2Bu9LVZ3rfL13NnUtoBuurFiSfoNs7VrwqpaYCC94eY3qT2P%2B4toa1EafXTHx55xvf4GFK16ggo%2FA%2BF%2FZkNhKibZl5yd8vmz%2FpbvWOlS7an35UuFktAkg
2024-11-29,卢昱晓看预告片才知道不是自己声音,剧集 156116,https://tophub.today/l?e=7f04NOk6mJDqeBNw6NeSpFPWnHSyVm3b9OAWQZ0UaaDfKedw7%2Fo%2FNfy1eTbHRxiEKB0CcJSezxRK9wY%2BCeePKyDo0PcrWL7KtCcWj%2BjQrM%2Fhia%2Fj83tIEWer35b1jc6aUbYTQj6UfRfYtcbY6P%2BSErTNW5Dx%2BhEH2V%2B9duXAAS7dLobajWUyPhVpw%2FyP1w2xzIiiFs%2FJyAiEgP1CJTizCtifdp67Oio2VRu6ITiKids1vRYgQAgX29BcJDzEaJmRe5hzylSWCAcnnqnehMujps2hUXDOI%2BR5PRsRxxpdQu%2F4L8oe0ryHO4gDIDxkyKgiXULJAd2xlU9jC73rDADVotWE3Assw4SLYn%2BgJHwNiE54rUozjk888im106PMDMlYFBtTXv53APY%2BQf%2B9eQBLjSqzHQJhrXNJ61PvZJJqoCMaksQ6%2B3i%2BXARA7QkepsgvKMu6b%2B4
2024-11-29,孙艺珍为2岁儿子庆生,26.0万,https://tophub.today/l?e=29dcZ%2FlGxCIak0x90fnihrCGOv%2Bb9U6y5oXdRo2SL0QyOy9zF0ZFaFTiQEk4TY84CNsfVRmBY1gNCeKcaXl1IlYHo046JvbwpMCq32uF4Dv60F5wB%2FaEdHz4iq7SSRgXJ6eL3eVKfA2ieoBiGFjsG5CIZCu2r76Eb5lkjYMzo9Xy5bQ7z0yfIefeBGQf4gR%2BXho9CNsq5XWlJ4I1%2FAwwsa5VxyRBw9nGL6oRuD1Td8U9ZLcxp6G4%2BuFu0sBJBajQOwX5y5T5Vya1AUHLuabcSOspxhW%2B2Ov76kWNt%2FzTmIACJO7vVgxU5Il%2BocTP
2024-11-29,田嘉瑞新剧民国版杀手不太冷,剧集 142358,https://tophub.today/l?e=018fqdx1Rd5h%2BkUVXSqVP8att%2B096rP7zxx5S5RDdYL5WGjoyZrM9GoAufPkSc7C%2F7q2ugwjb9Or14t3vDgvaELwq%2FSDa6Fm%2BVlFtSUBttcMKIb9kHg1eVbpkmfGLfIOOZKrPJiYiTw3BB5hWk8jjj91vUPXLqXLl1FOg8h%2FzMpkfBerIMrOeEl1ZI96tPfBJxbzW88gKmqUuR%2B1a8LdjoVLQPHc6edEaf3gJOWvlRC37A93Fusq6hJslQnKfnQHQGG%2FmTlaOzEKC4xeCRQOmzSmWTm%2FQ6hbwTx6%2FZIb5WI1D55GDFzzkqUDgVyTb9GYEJhzRCqdNCPJPZvaGECn9%2FjippFoetxhOXCEUC8qp%2B0%2B073CHsLGfoL7qhNUMuUvyyFlyI%2BfWeE
2024-11-29,央财教授称股民套牢是好事,14.5万,https://tophub.today/l?e=f4016kNU4G9fD0yyGeWhzKJoSgP0ozapqhsvrayOzOg5CD4sgc0eFf6QXXAMHAik4dK%2FB2HfQ%2BH%2FCALeJiHcN7EKdpmMd4S3lbmDQoQ2dXo2fVCFZzXVQ0QrV5gtyqQBcZh81Je%2B2vK7LThTZ19QKLgS%2F1%2FDZezVuIo7xzc935evTMmK4IVfRJBciQYmE0zJLpByLE6GdXMcXUK17P%2BSZBLI%2BnYEjqxFCUSd9ndGmwa%2FOGE8x6DNi%2FQrRe8UyDm8GXnOJ6u8oMn%2F7DlbJhPVJaYnBDDVDfcY%2BJu4NuU%2BcXzh%2BwHvEIR0aNasZqUu53QYJU4JC35luLJ1GyFBIi%2FPnrXnkbYySSGHGxTVikYJibmoZmIVe2Xxpi8
2024-11-29,看雪当然要去吉林啦,11.3万,https://tophub.today/l?e=6fe00buHgGdbVqufnl3QqxpPAKLqcRPu16MjbVz7y4euSrEy6%2BXatzOFf7wMywzhgV3TQAec8sKrrL8WKgIP7Ic8lJPQMOoeRDpxhcQ43xBL3Ze0M8b6kalj1UVVfL64422hXIpx%2B7vl56eIiiMQRJuzqgLImLVEo6cEK7kxnWjxUE%2BqATrJlT6enZKTq6wZR%2BsWpT73G6HRDUCGlVq4h0sl5hOllIi2FWUWFPxOnFw6i3mxt9Rxp7ahclRGw5CQANkTuNqq6qO6ZS9hVX6LAmq0yL0LSiZkcmPTFhHhWMCCuRyY6LpucLgt2RQ
2024-11-29,筷子用不好可能会成为伤胃刺客,13.2万,https://tophub.today/l?e=accfrBR3zWXT2AUM4ohgIrGUjrr9u%2F%2Bff40n4dPxsU%2B06OcuyNXoQlGUjuALmYxDLNyYJrvblqjfHd7LHoRRG%2BYJWGwXUvv1MwTfMzKJxoUJC5FKx0vwOPrwXkNLF9KGhKnrDp%2FzeswXcfPQHLXT3RWgxLpF7YOv2b8wxsUZOYvruusPX%2Bg28g7GOqFykPW%2FXb27UG8ahQLEl5ElxXL6jh0fUgaCiQHPJ66MW9tK5dYhYHsZYDuVgr9JUmXg0V0IbKYsF4LX8FG80FKigW4tXvmdGG1ArqNDNDSavsjiOvub2IfJJN8Y7YQEHW2vOMx8XcrvQI0tqcIHxiCkWXVChAO795yR2KWnksk0CYeRWNs20obgcqAJdLiQO1KhCS15gXhPoV%2FQtwN2WDX55OmSkwfAU4awqgE
2024-11-29,山东一金店被抢损失或超千万,42.0万,https://tophub.today/l?e=41bfw9A58bRRXL%2BNZ%2F39bGlHGfBhMdB7ew1oCnk9k0JeyBTaSkjUErU32KDc8CwWJoi%2BKeO4w4%2F9jPzQOOuEHATIblV0O6JYGHRLvKI%2FwVVwLqRZhSQPCX26lEfQK4fdew1dDalA0Im7yESwCKubjofp2rtHSixcMIHfKA9CYwuFJEw2PAmqIPU6CpA4kR5M1j%2BLcPhrhNBzHDHuOVmpKMXeVn5h6p6c5ZAX1lf%2BK4hcrTsnB3J%2Bx9XjBVq9ogp7mp25hx%2BZOF02Hg%2F%2FNYogVGJA%2F%2Fc7FxMiM5kaHLrAD7XQgO8%2B9ZPiAcvW6Wk9zP0qp5BwzEg%2F7bHYYMMl6Hz%2BYO9gG0bvgdEOUlZAP3CAGRJ7WiLRc3jOJEXq%2F2LUkMJa%2FyNQtwp7KLw
2024-11-29,张杰第一次平头,音乐 134225,https://tophub.today/l?e=3158NV%2FpyVsgQwzU542P65bSE2YkCzpZQtKVJkyYc3HvbWiBENb9FoYIACWHAsoY2mBipS2PDbyz%2Fg4%2F0j6EVBaQyzX15XVmcnQ6Y%2F4gANMBn%2FfrrKqQgqScPwBj49TtXHYJbv2BqgI1zh4nWe3CP9ZeLy7EB4FHq6JjsKMgmwTCWX2krLMVD25cgNh44tbYF7bXmasaZKepnIBexN1vt63IGvTHzfV37LGs4ebhQfO2MuLRjSWHWf%2BDv7zZYPVsK75BrnYgLc8ymNFoEwc
2024-11-29,曾舜晞参加尖叫之夜,晚会 223911,https://tophub.today/l?e=99d2Z09%2FWfDpJAOeSEdwGteH0cRDRbFMWehKLAeGTBOO12TSBeRD%2FuCat3R8z9GNAWDxQejOkYHFG5jAulXaG4XrkD3Wq9CibSOXi48MNjW3CHoTnjlaWTHQD7ITu5VpSrIEDPZPxQKoohWvLPa9Kn3wI2eA%2FHQ4zsHYGtgCiqxxYCX3b5QWa0epDPnT6PtwW1PPZ2KWKg6jAQqupS9MnxkWM895KNTgvVLEUDgSTs6xdK3HP9rXUmMjBQ5llPDCebGy8%2FIIoiol9C0O92g45Dx8tUYutTNDodqSb%2FFp6lhgxNoTDcA48Q9BUng
2024-11-29,关晓彤王安宇再现跳舞名场面,综艺 116507,https://tophub.today/l?e=227aldMPMOs3xMgii1tqSkwbyR49aZBhSudgQM3B2z%2Fef4dWIEUK%2BoeX4DoZZRgejOCLBnyMqzrJinhJghH3bg4jmuZWwEvpJGiGuWVzh98kkuNX9B9Mj%2F3XMx0JoJNbof0wupHjq92N7Vz%2Fw6aPrhZ9b0HToBCcf%2BNYz%2Fr4kA%2B9L700wJxH9F45q5xddDd%2F7lZ4Tlc6HyJAjT7yODQWx%2FPqge1lETCCJli8airkOkfQcyVMIaE3TBTfOV5uWVp4h8BVaqBYjJr8KRqRRbfzrfowy69DW2tmBIz5lMVQ4Q%2F7iSDbMqD%2Bs2JPSFmtU%2FyVJojwW5jqabD5WTWw9qVa7b7wiAXIMLGG6Q3dHXe9zc0aVKwkf7FtvaMsSjubl%2BeN6ulmQWEAMNM
2024-11-29,妙趣横声一同框就是花式发糖,综艺 139199,https://tophub.today/l?e=ebceYf9qQ4MsvXqKnXwPh6xtiCvNPrjbSZU8jtyaoQzxb4PSNaSggxDBjbOjQ8vj0zianKElErwjBBs48xdWhHrt8zHrqLS6g%2FBNCMO%2Bsjbj%2BqDexs%2BbjHGOj9cCAVQpWs0Ne3z8AhJ2n0ptsKDH0AVNC0rvFnKuntuKYO%2Bz7TxTrroIDsd6TckgWCMiiHjVSqsfT6tgqCnRgI3%2F1mdxE14Mmn79IddPKxlYRAxoixvoKg7Ft1O2SLKYfPe5DDkg55wCnfgxKD6Otpnbdr89WPmoG2sbTNiplUHFc84lbRmXJSVhVMp2RGE4Sn%2FXOkQ6vqIFBf82lmn6uTT8FFLoIay%2FbaG%2FeDCa6xBfqYwlpAv4K12afXtZKpvicTi9iQ4TJKnjnMPJ0eM
2024-11-29,郑思维说国家队的恩情永远放在心里,11.4万,https://tophub.today/l?e=48ecjdRm4M3g9IYFQGfbuBnM5TfqyzB6X5urW9Ft0v6uS5QNzEWSkrkrpzHPBPCMAjiBGOCV%2FPhSmdro1px35im0MKLJZYYCOqwz5qnZFpTsqG528UTUS7Dsx%2BAspxUWshajOFngwZHx%2FRxjYgodlsMaDMq0HChUsS5y%2Fsy2OFkDztoA7Kmaa0ZxkJo85hrB%2FPj7cKjqNxNE%2FFXX2BbxzlmGCHlcVSUVzG9N20GxXK2I2WaA5RCAaB%2FeTtEo7JtaGhLm35epJSBoiH%2Fjp%2BZO29GaEj%2BIasBRmE9fDgcDwZ4jH1zjHgjRlg5YhpfcWyzPxXwsRIXO5Lvn3S4n6z%2Bi9Ka4Zcc0hLF7CvPkdrvsHXcXFEEGmUkVVXoGEsO8wtNlbPYYydI4siq1NmPOYgUieeOvJox%2FmCJBVAVoCT3D97VH8gooOuBZYhdMhiM2RrJz95ZTmwE
2024-11-29,孟子义死脑快捡漏,12.3万,https://tophub.today/l?e=5037noNCpVWpfQsOnojKte5Ud8a69nKjlTsJlblHZSVCEr6CQxDRGaaVsZPLMmxjYZiRJBAQ01vhOtPJ77NTIFOdwHWyL4UehYPuikQxBJB0xva3L%2BEZfaaxz7ZNV9o5iTSf33MXznftx1s%2B6z2nXJzXC09cpvhbfhyYI%2BUNipuJDKUYZHhhlM754HAKfWS%2BJB6aZfJpsVJyAzYxkpa7zUk9qtWoBw%2FI4akJjQEUMsJDT%2FHmFFyzumD14f4thler1Xqa%2F5%2FZ3z7k2yOcI4bPOSckJ5Z2H95ImyUvc9c
2024-11-29,徐志胜 麦琳同款发箍,11.3万,https://tophub.today/l?e=3a9ePCOAYzaJwVSeJVvzo%2BIwSgmdWiMmWymBVuoRbx806J3VLSk%2Fr0tNnTFu7q%2F71INE6rGR%2F0oP8oJUvQrBFftTT8vVyrZcGThGl5aX9Oxo5rwE6c%2BSkFCr6khryeINHI%2FreEQaZteXEU1YKBx2pPGVOfvw%2BkUxHh4%2FM2ZygsL9K04Rq1u8xclpsKG2LpA59QxkJTLnnWFyO5clR%2BR4%2FotDYQm7kXK%2FrQnfqg0ql%2BY1YD2gmsSNReWkksd6QEXYpVU7hYX1R6gLxiwE4pe3BgZ0s7RVtAnijFUDEe9U7mj11wcoXnV2YXCJYCsusmg
2024-11-29,影院观影过程中屏摄违法吗,293.6万阅读 | @新京报,https://tophub.today/l?e=d8d7IWdEdI5qkjK0jDHJuM1lLUDAMNYbyKYcwCEcqrs3py%2F0fIsBDu47kCMKQRQKF9wAH%2B09jUXYm93SpkLyjh4I4097vOehCG9Q1UV1y1Qs%2BwHO5U8hkJmJPiuIrPwU8vTpPT%2FpRb3LJbdbFemjqbJ5jPcVuAq9hSOn%2FJWS9GZmNu8fJe2GGHPp51WQwmx98LcfRWX011zoq473xSOelBZcfFGJudB78M9CrifouYK47NEjIJByzkimyPHU3FsLd5zUjytGTWxJa3MiJUF3BlHTmS%2FvtwA9UDvPp1fxlGyVAgnSFNKGFlD5oq3z8ISvvStDmhCNpEsoZxWX6SvncUlM5Ye2YzjocpN5gJ4VoN2MWljrxeiFWrk
2024-11-29,离婚律师每天接触到的都是麦琳李行亮,23.7万,https://tophub.today/l?e=431doDAu1HqGzQz735TtrA6KIZT3%2F8N%2FmyHEaFnNn6kmuuwRFgpcDUTBjEyOefwjLNpTc3EtiOciWxZWEnE%2F3OCGDlLEMVl%2B03Q%2BOtpbGaIRHN5DTZY6Cw%2F13dAQHJrsqrZAEkcdvvLUcYgqM3ddfnYGgHN56IQ5S9igGXwzyWwTENs%2F%2FENob5bZGjTIn18rBRluPirV4T72VviZnH4fDhQmMH%2Bhww%2FYx4ZbOy9IY99XFPTcXo19Gz2aJduPnOjiBiRxtO0sf66Qa71PE1aZXOGMI6E239KpzZF%2FL2QdPMylBuvNQSeCJGwiUth2qCsFsPiyliPidSdDFp3kOWTfUr7x%2BLO6T%2FszTuMGS7fn3B8CZ1MZGXXYBHTFVkO9y3%2F4%2FaXHkoqioFdubvr4wI2wqA4%2BbaOXQapjPpzhHddbxDn7OePE2C5hg33YRpHGSs42SRGusjCaTuxL85MCcmtqmk2V%2BBE
2024-11-29,Ador代表希望闵熙珍回归,21.1万,https://tophub.today/l?e=2475TtDzlNwe1nYdZh3i7bhgw2HElLRxanYNsGOXuWs8l6CL%2BImZpUMx0Fzqqub7YAz1WaW5vR7iySh5gadXBniVEoVi73k%2FYASoaXU3zYRXYyJO%2BoIz5VqaHo9n%2B50hRuBv3ibq9YPO%2FGHJe30SXyZCLrnySEJIhqRwJWQlK%2BKMPQPA9ZMMSq2xnONRWiVfAIGwCCmElGuEF3VIM1jmj%2Fa7NW%2FnJ9OQ%2FaLaLd0%2FoEap8aRZZ7dvyEQ6Atg0LVdQ2%2FYf7sUDJOBtafRp3XPZzCsOEFmBzzRWDL0crtz4I34RyoaVmEUWpU7qou5J6row
2024-11-29,成毅参加尖叫之夜,晚会 172028,https://tophub.today/l?e=ace9EhgJpZVRwHHMkq5Rtv9dkuYvjg%2BMGU9clD4fdU9kA6T1ztl8ceZKM6se05J2nmnJPNMriVM0mx2IjLu47iMBmPu56vcDjAPijD3kt6KTv5qdlfE5riJvpzEAC%2BMR2kerQnD31XFCXEeA9%2FZCr5%2BC%2FCVBj8RmhzAdmr%2F%2B%2FZPztl1t0uKeH9E0mktH86bsXxxQqS9j8IM9kfcVyUSp2Q5MG2qy0ViGK%2B0siRaxjiIJQaGgXTooNFudk23gXttE%2Bv2ZwX1LdFg%2FoXFVintEmoeJvVobX7A4lg%2B6drU
2024-11-29,李雪琴剧宣有两个男主,综艺 115536,https://tophub.today/l?e=ffb8145zsCjVgMcumFVKLmo2%2F1692cbzXOXXEDhNgEpFLZI8S173P98oFBC7PnIFZHLKPEblRzx3uLXKfAMHX1BxlL%2FlejcWZMT7PyZ9PMgta4GHrAdWHYFakcczY7aVYy7lGY59IeyWKkDrmS8zsWU6ig8aRU8EQtCt%2BtQheD3jqmr%2Frav9p%2BpdRIOkaVnNEoUudnmTZeZ4Q2A8lmQeb3mA5idHcaRKi31jtScNv0VOKwzWFdTG77%2Bfb2BapNwdCvSnnbsjpMPrYRHpp0su46lo2tyMOaBx%2FOLmzR5EPajXdw2%2BDBLUVBbuVI0n07KyjrXV3fwhI6he1o0
2024-11-29,17名男女KTV聚众吸毒被一锅端,75.6万,https://tophub.today/l?e=f8d83MkfM62%2F0Xqo06Rco35TdCzNWTmzkZjsEGWRsSsodKvsXA6rMm%2FKpe7CHH1rmidPj%2BFj2RPAlyKDS7zc6A0HkQf0BbDWVdgkxvSbMP6zOovWZgoVSCpafUuKMUQTFiPRUpgPJQQQs41S%2B4tzDCch8qEto6nS82tZDgLuxp2Nd%2Bh5hGhZ4UcnO9QZFqCJH3aboOdSdIcMvEEbo52483%2BLXfbD18qvd9tmppm%2FTZ%2FbHxazm7umdco%2FLu8fa8W233abYNk%2Bjr7TX8RJFuR9znBPhU%2F06hcBRwENvE4y2MLQ0BtqLrVrnD5eOCWjf9VnraI4hz1LsHUy6nvyp0arOc8GraD%2FbnlsebNwS6sVlw
2024-11-29,你家的筷子多久没换了,14.3万,https://tophub.today/l?e=ca0f30Ci8XD298waACsY793vgapkJFNQclO4%2F2V7DG8lSrcBpdZSzDXp2wxhE5Zt%2BRrspKR8yWHCPPQMbvNecd9gpLws9S6lEOr0OXRmFP%2FEiesn45%2FusBNQSZEncmd9SzVsF2Z7NnUrJHtkkE06U8t9ysPFP5PLfM2zE%2BsZaOrMsuZOZIvM1hQi%2FPgXd%2Bu3RNfT2oiOpj8MDDndp%2F3khxadd74l2%2FsQb19O3EtdW7ur6JlIeJES0FPo%2BuJQkj%2Bt7EjQK2Xwqf92RxGbgiRGyUPSiSSFv2NQUtxx%2FR%2Bmj5vsuX1KKcC%2FE9ZxITAZkt14ljcjuSbAzrfEqiQ
2024-11-29,普京称或用榛树导弹打击乌决策中心,273.5万阅读 | @CCTV国际时讯,https://tophub.today/l?e=42ae91nDTQSHGN0bEX9tsNQmKGC2QVOclgF%2Bfa9kZgqVP%2BLKr0sm%2B4ww4cFmuVR9EtZuoRBFYubB5sD7gYHB0tSqVQKMpZxnAer8sQKSqSL734HklYlQUJVcxrY8LiddP1a7nCBTJQRbbS4vzjmSlie4ogXrD14PqesLdzfpFLDs3XIXPH2CdueqWLblb0D7alN%2BrSNmpgSj76dTmYe0gh6G%2FyDu0YEQBLstWb56RRPwvctfn%2BHNgATTvfn19xavfwtXNFcmXky5ajg4ISuNdJNWOvdnIsAezUOwLYOmlzv1AVk1Is8tK7o1xM%2BgclRof7l7mM1PvRx%2FEirV6Q1vr45tQnW3d3A3SvCgVjOUEMQYEOi88UrPtLvRefW%2BNpHBynPsY%2FF%2Bl0NEVByPIoph8KycYi1%2F58bigCSmUVVzsQFL%2BEkv7qWIpZqPlqBB3bSIprV%2FU7Q
2024-11-29,专家称野猪已是危害最大的野生动物,337.3万阅读 | @红星新闻,https://tophub.today/l?e=a407QHyuYNhIRYGJN0DmES3KeNsAdrCBaxwKlC2TPzCmPu4Kn1hgccJlxDwCMiHWCs4BXEUP6xcvLTxVmBoTzU8xUTqk9W3NNYrCBYFHqu441YHyKqazbP%2BYDMI5IF9t3iid6BYDrmCLSN7l2wnYEN8zveK1DzT0z%2F4D9Ivfqh8a%2BH%2FY4ssmyQifaOTLCGNTa0RI1m1uSJb8nGw5vZQkRlQ95M%2FXqsUzROj4qkJj8tEMIXsG9IvSY%2FJrf%2BTimRM6ZjuKywEZ05d%2BDcT6%2Fd5UBextCLFNqpBuBsdUxWlakNu2aEWEBadND3725Bvn%2BbjrPuTCYDr%2FLndv9%2FLrmxdzFHb5XeGEORkVh4wxAiy%2ByTAmnVDaOkA%2F97lsUf25Xb0ryPhE9voMkhdAXMnWfj%2Frdhwel15FzHKo3kRxz9mZVVjh3xzpeYnK7AmOh%2BbjnaQGmyhlRuw
2024-11-29,王海质疑李行亮麦琳争议为剧本,18.1万,https://tophub.today/l?e=b9e2JFaqY%2BKxVBCPMgGJfBQlN6yIGHx1ZrxjBG%2Fm4KQwojsHHu%2B3XTuGL19gS8PJ2DObTvW%2FLrU3QtS1QVaSF5IQvoYAsvrM9tkLGpjYNsevDYnHH9j2y4oPoOeyrkGdbNEV%2BaH788jXOQE%2FarnjMSeASHi7XvClZPVWwsFrUUw65wzRP2wVZS4d0rOuJdfrKAVS5h%2F4%2FeRs%2B63ig95VzkPtmr8kdSV64zccFUX5P4wwsQEJy6qS%2Fy7qTrWnIbog3gMZ39ZB7e9dPn3ZrocatbtKX14ZibyBsPHra7uGbLf3tu8p2O5%2BBe%2FRIQWKCU2GlL0jerNjjDxMfNn8FWMpgy%2B0IKUeuAYLR9VfFo88QcSxdUa6K94HK92gsAY%2Bl8X2UPft6zwOoqmk54CnciOxJXZWNjBA9do
2024-11-29,腾讯黑色沙漠手游停运,13.7万,https://tophub.today/l?e=a6cbnFLK5rSLwGEah7LZy7V0z%2FPpvvkG%2Fv3vo1nQzXoe1iZ7yJ80cW3x%2FDQklQy8YORggjd11Dz%2F%2Bhtw3bGRXgag5kTy01PFLsQUm2MNgl5JZz%2FJkruULVQaZXIOVoTs1zHkIGevyt7qW%2FuiP3q8en7bmUSxdBwnOwK4L8r9wtRtdDAuHBnGyePGEGWTOArBmOzl625rHVhldlrDwZcVcRfrojTj6ftAOFJdSX3pCiHFFsZCBixbR%2FAfhulBnmXL%2BCGQHRvEIdUH6gy7GD0EonOTAR%2Bm8EkTIJtTcszV%2FTghFRRRgnW8ENStHv%2ByjUQxFoH%2B%2FxEoa7lV6xI
2024-11-29,老瓦杯海报马龙C位,21.3万,https://tophub.today/l?e=0359WMGEsGY7fLiHYYyDmTseJ20cKNA5xBTUnL2m36MPjSTJIB%2BB838UkUAEoxjgLOcuQP1J7I3Puddv3UCtLDeiuCrIgmjiab%2BVMfyljCtjRpHJ3DBcSjQDGQBWwW770jKafr3XhEjKsL%2BIeb5Kjts2LU2Y577AET2l5tusqeXWs0CuemvTlfUhwL%2BQTaiTtv9kptcoWZTVWcydcTTMLeHZKiUAdkwsibn4vfMN0IAbQt04iFS98Stm0GRkNBKFM1oTLY9Qm1x9I5K%2BvgMUjGGocrf4XvRPag1iCmOf
2024-11-29,贺峻霖一路繁花录制上班,综艺 114417,https://tophub.today/l?e=2d24vcoDKP9w%2B76tlo4VJsWdACKAZCAXdyoiJ2592Y%2Fj588%2FyZisz%2FgKZUEdFs%2BlHT%2FFsj5xF%2FvkxRf4KDYnS5GpYALlfS1R%2F863gcs1DTmncVOIbB53T%2FPnV0fwiU3XqFJEozGZ91G%2FAz5Q4ciUr15A%2BgomkmgmGmar%2Fq2YOz0SdlcF7Kb3ZnbGhoJ2U4kirvEJTnPUlt7WB9dt9RD885FK%2FGVcGE6etOUFFI%2BjkAPyxC9BRDIHraFCDoLItiK%2FXR8V5sxGRVytPgWTaAJWIHzTxh7bWYSdw770fAcQ9cjQGRuILQ2fzsMHlYz3fEDPjTy2zoc4dZxd5vlbtWhhgTQnvCnbqMjwuIo
2024-11-29,丁禹兮海岛副本今日上线,剧集 91098,https://tophub.today/l?e=989bN4fhHp1x8VwMrDTPVfGGdQDXO3yFnum1iEegv5iVyW2om1gNhZ380cMd16C7bxB0oalsVi6556UeZoEOM1J85dnS6OlYPkRxgAfc3vmIfH%2FijSM4OUYRKb5PvCJcFr3efRgxgMf%2FEPWc8RICXExUVRRIzGxzIa1aZdr4IMRqehjxj%2B3SXYsXyKPKi9VbWx%2BvQvhFlNcvby5Xf3MqjLVHWCMRcAOBaTtwb63s5UyVlzhvpaIffLkMDfG8jcxXYzo9mrqfDzhv%2Fi5HmdOUTMtTYxaVsruZlGyWCAnCCqaCYlIFcUvInppen4u4E5oLKko%2BLSQw4POicm1iGUi5nFaqrfPPEj3%2Fy%2Bs
2024-11-29,张雨霏跳新疆舞表演经典扭脖子动作,8.7万,https://tophub.today/l?e=1d8f8if5sY9IUETAEZOKPGfxVQ4Q1SBwFXWc9Ku5VmmkZ636TYTYzt95fg6jilqspoEGudOJyh%2Bgk0BqjBo5%2BmbTIu%2Bbu2vEMqEWlL5e8VQajs06yY5Jyy74Qawh%2F1D7NiHoHs4ZGSldu9GpTMb2B8IAfYsU9FzoBk4DSAcU%2BQmLoM2In8PMEb4WeJSai3fDvMi0r0HmY%2FVtyzw%2BJxcmE4Ew2jxFSEWi3jAmEdUrFiPsOU9uHIUKldfcnGIiCIAl9zTyeDuBn8Yz%2FuOw2514gJft8rpXjE1uWJgMsEFV31PSKUVODYrnp964lZuQzUKQPDt1RsC436yEhJBcxEeBy4qnW%2F0ePRxHjBdqbvsy%2BHewj05hU63nuSGGx6k1wx9JNHvOMjt4%2BOFjuKw5%2B0uOHRrNtgTQuKK39aiPSWogittQ8%2BigSr0AiSVUncR9UuGJf4SOSkg
2024-11-29,张杰唐嫣荧幕合作,18.5万,https://tophub.today/l?e=4fe162fIZpUC1BUQw2eykKZragTLTavjS2w62e887FpQnHjd9FOTUD3FRs1W1SYEke62Cdd75ZP3n2X9g3c%2FK3MADwqQ85DcryyvaHSdw9W%2BQHD5wUp408L98pAENkkWyEqT2m0LVryoJt%2B8CoGqq9cFoLP6Js0IvigudQH6GsZaF2UDl1yJDHMOrwYn6detFNUamRVUj8ZucLQsdGZPxeZ6P296LY3KWNRyCFdz7D1EuuHU1W12k3c%2B6ZFOYzar%2BRONlySxyuyjg2YN0Ei7r6AvGEdl9qvxEXJhsI8
2024-11-29,LWX说诺夏太菜了,20.9万,https://tophub.today/l?e=2077vFQqbUWDfbPjEjDfsrYae2QNuqz16WrUfNmuDPjjChI%2BWDklItKSZQDWKxxfv5UIuLqdSLY%2F5BFaVEeby1liG37JUHcXf51cz0cusilVpykR%2FsDD51R%2Fk%2FM%2BwJWGRxyltI5buSAJRX3njBXwMEjDBi4Ubc1yerT%2BUTY%2BO8NX%2FHEaTQGDYEiJEKwq%2Fqzx%2FTJYhRfQGr9i5fGbV5ILCRpAH8PeyUV7yc8ndYiDk1W6Y%2B2aHs%2FHv1iVZZfO1qeLPzM
2024-11-29,这样的新疆棉花我支持,688.9万阅读 | @热度新闻,https://tophub.today/l?e=2b9bBgnfjgMxJmy1ekknSr3O0O%2BxKJR0QAHfa377BE6gGeuVDwj3bJ1hwHWBExSv4Nj6T%2F7KrgKGXqQ9AxlYxa7MkvVlwyE6yTWghftp1ADQq%2FeunEcmDKs7WBYm3Kf4Zlv8dPbQDUnRAbXWYThyVhOuCZKq2jkBgt3h4ag%2FneeNui9CpamfpH3CEjKad%2Bzxskc6rf1CF4J7QS6syJq1RML%2Fuo7Ghy9I03DSMXAOH7xm84%2FIaTw3JNERHzFCYM%2FHrDKT08HTaAxn6ptdutL8v0dOf19AeIYAh%2FF8USZbmg9lHdWCV6y5xtOLGwK9LxchudrUTBtA2%2BuMNMg
2024-11-29,奔跑吧揭秘穿越千年的东巴纸,剧集 151335,https://tophub.today/l?e=d373l0RKiyLQ35AnLv4hSLi3wmuAqy6sxkuGAgqga2f%2FNAqaMD%2B4X7HRpui%2BAUCEErWlkZCmxiqZn6Mekn0t1ylpOZVVvqwGj%2BLaWuJBHmktUgtrWw1Zi9bZpkjxg3l37710z9G4yZeGeicoOFAKy2G%2F6AvLiIvHjLKvuC4eHvFabJWyLaG1qVPbI6FY7vNnA2LYq86T59np5nracDYYLRPWFt48cts1eOBFmZBVg02OOh9r60vPQh%2FumzamAzv2n1C4JXgrBML3%2FYYNnrkWhUECqnDjVYdqjeubGGKz7fRqp5%2FImY5ITXHwvrZZubQTP4MshSSFsVUqOimgzjna6rdoUpyMgv%2F608prTobtXaQw2Qg%2BQJLi5F1yVnNSd7%2FCFQM0pPp3uHA
2024-11-29,我们内娱有自己的李准基,综艺 241310,https://tophub.today/l?e=be3bFhokeKLUPvlISf3M8RlI5Cd3TJ1E0GKi1WCccbjOrFUxg075H%2FM3%2F2okd7TLAVnvRBbb1ufBLyAhwFQR%2FaCXfvfyaSYhPwfyt8DGAwDXcwjO9ZX3Afj7MnT1TuXlkkPbIrl8FEnEJdUO86WXufhvnDkQ5eBc5ztRpGnZzpLeYt5Juc8%2BgGyN%2FPVx8yh2qXstffiagenwLFaGDUgM8ZM5fSwE9yxVEShgo00tDXdCJqZYdSi6PWKVLqvtqwH9IZWlP5Ov2AxSTRy1rjTg3DLgl7m3LnjhZwwDDhQOfnVbMScDJJg61JhoprqKrHJ3lD4QBacXmUysNrtVmKhT92hBvb2jb%2F35g%2F8
2024-11-29,辅警因为一次好奇9年后救了一条命,42.4万,https://tophub.today/l?e=d8bf28kfK9Qj%2BsAae1BMPhwoNWVe%2Fy4h561iI1CeDFNkj4uXt%2FNbIMW%2B%2BfKUj4nx6Cqpdjx5uZgLeGx7%2BjbMosf0ibJ7bLdbm0nnTQj0QTjTpFfIYDhwbD77NQDjRsj3UroWHV7POtGDika6DcVfbhcApOTx0w7P5leO5EPPKIxUSXAp6hGKC%2BbbxbN19BMhlBZSOOTPJ9wVC1bYKsXrASZOCedLrtLVvRWhjAhjD%2BjFgZMEqWQtAqNKvJueXRYRS0Imi6TlrUHQqAAGLm2egNa55mijsPwjKxhVerHhQNVueuieH3UJtUi1hAhs30gs3fr7FIs8mp2jkadCsr5JChL4JOpRfFeyFa%2BxfTSVt%2BUPLM148d39HQHSr%2F4EL9lGseSZsREQQxl3EJJOiT%2FiNwHZ1WM8cjb0THe4A809T3PGepdENFZi
2024-11-29,张小斐佟大为新剧 再见气人,12.6万,https://tophub.today/l?e=5ff1vWNXzEct%2F8jEgZQBq2FGz2SOSm9GNouqAiHLbeGzW%2BHmdhjfS588799sCgB6JbR1IaNOZMpa7ogQrYTtCxF674VMQIg4Brgsepxp0f2RvCTODzh6nfy6dqtL17P%2FJuZfSKihTTyb%2FwkpbZfdLltnTXYADDAiSluZz4yx9KWaHoMdGISlpN7MiGzerEDITDTc1S4aLdqhUSaF3FwsVBtXMGDZUqItOB8WSOIOBL985xb4UV3PoGa%2BuhNQL7hcvoOyyXbGBKxQtMhChlbJWnzBv4xN6UqoZn8hT93tkYOBAcxLyBR1aqYEDnAv0cvV%2F1CJZJt39U4pabQ0YOBKuXi5Cq1QZPTn955xrDH9OvS3M6eKiZ43Jkqz%2Fzo
2024-11-29,网易辟谣网传深圳公司全部裁员,286.1万阅读 | @澎湃新闻,https://tophub.today/l?e=fc121zDYOBA77jJT37EDRRGnEVzAJjgCaXNoG57%2B6CN0ZrEOj%2FPomhYc7QXdk3IuHkxph1DwyAtBUcQQC5g2BewAVN%2Bd5%2BJOzG62MVUbccHYPhZvVoWIeEG8W%2By6Rkmdh2CpCHXgtCZ6iKJUHRqNpnX%2BkNVo2BZBepoACQSji6f%2FGmWG8Qz44PrTK7dMgDLp28tfaq9HEB4mJjGC1n9400hJwBfu9nwLqrSdI2gABqG35zKQXEg2yIktSlYBQe%2FbTIRb5%2B7QtdT93%2F1Zc%2BPxZDNNRtQCI%2BpIx7ddUXq%2Bxa6RAe6Gc4YzQB21h9Mrw8g1xA6%2BfgO7Pm3M5GuBRRByqMO1UJnY%2BIuB4zRZMRytMRGH6jPfk3bAcJCHEixXv09emBKP3s6rAMp3D%2BTZjgX9kWBzKY6QhyU
2024-11-29,南京晚高峰地铁隧道现野猪,383.8万阅读 | @极目新闻,https://tophub.today/l?e=8ff0Ew8jyEGPXIgQyvuH4UbO%2FcDZW62wWrJgYkMaaSp1WSFiPE3ciU8nd1un3KETCphcdbUvoSKvLDP2dk22Iv89USGczmc%2BO5ITGvMXziG09mKGldlV7CXNAguM1fAT0ZwQPcnonLTOwHMZpRWz5oRhnW8JQS8HK91FQ7uXs7ICfeP9iE14wE9dNhsnCJqPbMb%2BloSS81l7Hj5MYSPdSFQwAsJwFehPFlHm3nokHaY75DNWVJDR%2B0uYbcZWxhyNPbnyH8jx4NpuKS4HK8EiMN%2FYJW832nmvcuYZhM8ZGyqHl%2Ft3YcBrc73qyJcDv%2BpKrsyvp2B3CUaj0Ti3gETpD7E1x5fPXf2e%2Bt0r08nZgRPwYx1EAoqa4vU
2024-11-29,南京地铁回应晚高峰地铁隧道现野猪,423.0万阅读 | @极目新闻,https://tophub.today/l?e=a3187uJzKABMYyiNn4gJ3osSK9%2BPLxWEuQW%2BUSxAb0%2F9ahMvJWVdR5KSSPa3sPCtSd62rxWh2kbKCk8hHWdXU1Bm9hbBsEgx7Y1PhOaGWQLdXPHihMoGnqoW4c5pEwMRmcdJ94P9zTCe9kWWXyulmONmokSv76KaJfNCFMX4Z5HenL9JhleYqMrZG19U3MW1eKldOzw%2BTkvU5gczL7cv%2BJuoUA247vb2zPrc%2FdtOhgnbyR7tWAnJIwgQa0ABO8e%2FGeDkZDSa6lzmdtETO8G08RTk4s2n2rISg9%2F0GbbbqXTorjVdX3ovfuQuws8rGJq52lE7LK7RaR%2FfFEGQ5tRwCHGT%2B9DC6JfgBa7zt3SwGMwZzRrDHdmxM0EgnLRCVQVEDeGX6ZHI8gKY1206vSvptakgExFD%2Bhsb%2FmaAG2FKg9QG0sQ1HIBJR2FPf8INN5HVv6xWvyw
2024-11-29,留几手和节目组摄影师吵起来了,综艺 187615,https://tophub.today/l?e=6ae0eB2NAwOGww0XmNHALMNtL63WzDlLxeWRX2wTkt5JWsenY4kcrn9IjvNn4KEwmy%2Bm4fMNhCXE3pe1yCzjfdoZnIJ2hqgvYOY5jym8EAeLCmt%2FV6O87Bq542HWmmh7ReKL2tUIgZRRsbhexWK0YW4ps0Z2qFjUN6AJ5TLvGLzEOOD2ug%2B4OSY6%2BuxosvbLFPEUGqhVIDaEy78Ywvl%2FjKC8jjRASkSI2KArYPRvQuQ0nyE5zFaf3lZ4MrReienb2z2pvvNQxp3VW2tut6dXPhbEnGaPUu9cfEGDuvs8jqSA9kHW8snQsHjJgHgpZe%2FviY1re8avx7G0MvfBxgopRgvLrPY9mk0ToC8EuhBIOWFCgDHddWcAtnxHWg%2F8La1g08cV6EB8tom63cgt8mA6Lw%2BSzq5wyDE
2024-11-29,老人吃腌萝卜后中毒整个人紫了,18.9万,https://tophub.today/l?e=ba78c87x5aSRaBtoN0O8Sr1Q5W0i633QUvO0yhY%2BWxwh6wZm2NNN%2BzsHuHfIwBZZnoR%2FVkzo4G0Vhd%2B1sBZqgirNtvl4PgKGj%2F7QzxXfirX6gMLiLEXy17CQLVk%2BM28z1j4swPyId%2FGdeppPUPBHwboLvI%2BXb0rju%2B5AlCLjMgHa2N1pRGGn5k%2B07cn93NiChxCw8wUQID2YdVwlyY5dpYFwF2UIBSQjNL2hTrwwOs1bi8qNyxhsyVlr8KXqAolfjYtE8YUPy5pf%2BdEvgWu0Lc3smxIYPFDMb5WLOPKvm2dh3B2mwojjR4zfJ9WuANvlTk0ZokNRVTOngc9C5QTqv7BGwuqZeiBULTmSI6ZPY%2F750MfxhQ8etTg%2FsorFQZnHWz2K2Am9qlzIYeOyBj%2FYKReeRS%2Ft1VY
2024-11-29,丁禹兮 我真的没有在晚上背梗,12.2万,https://tophub.today/l?e=185fvxHOWwS%2FEyzLUOsx2XZOooUJkRIwb%2B3pRfH5Krk7ntKFSP0kUOqXI4HdElGx8AmO%2FYV4sche4obvMN8gc8uTUP%2FRnTvriAJXX4PTgY%2Fsv6nqe1hqSBNG8QS1xCqqMSvtUhiHvB7H2cReVLShah4ctu8fgw5DocNLCa5dVcKkXEetuEt4VPxdXWKR0Ai%2FBrNSQhY1yD%2Brq%2Fn0itUkRtajYv%2BndNJ%2FNkSCo7B2N9lz4zGI1wPkMWqIhJSBu5HZprb%2BlcpI1IxeCC0Wci9pz3bvfH9YfNusThdCNlg7I9tA6v3dNTW%2FUFzFFFXecfGLByrLad1vknjHBAJr8Jp%2Bw7o2z5UnomYfXKYgX5HVb%2FzwH3w5aB6Qwnw3zd5WFP5AkCPCZGtqm%2Bb5WWI
2024-11-29,破地狱定档,电影 108850,https://tophub.today/l?e=0191QU7NXgWH32xiF5S%2FCPwQCvBf9k3eyKtbyeDAvIaOwqgz6Bv8q4ZZ6G2UXRqwrea5FrIoNpEW3IyDWl9p1P2%2F0ij9Sa85PlwnwyZhCC%2F8kIl%2Bd0OrrBMi9JI4eeFFrXQHAc7of9xL23cjr%2FNWUvS7WIhBZxOm%2BDb%2BpbMEKQJ1cqnroKObqeRKwiO%2F%2FIgu%2FCvBz7P8M95ZyU5Th69GnytN2Zi2op93sdcPZDv9l6w
2024-11-29,Ning王队战胜Icon队,17.1万,https://tophub.today/l?e=c196UzVk0R6j66kQXdwc7VQ9TpBmk4y44H26BNBvNm1jPIoWmaLd4ZUPd1wrus5WrqHWb7sAs8UOQ3NGJSW%2Fe2ITUk9KK5LbH3XrQyFnEoa%2FR%2BhSI%2B8%2FSIotprV4Bjip40C8An7a%2BDfsxHzLKXLZ1OlD34lm7M%2FqK3Iw4oDPWT0rHC2AJS7b8hpJUgfJvPvFTR0ezx7KkJD96KU%2Bzq1%2BFic2INE8N%2FqgP2UF3saTCo557cRZvJJYYg
2024-11-29,幻视奥运冠军幼儿园午睡时候,16.6万,https://tophub.today/l?e=381ckf8lTSI79zLYdZKbWGTiezjXOJVRAG8FopeN30VafofqNIdsmWXm4EmdoLmbY0JRevfkGyczKeiW7RD4V5oDFNji1cDYKzKpD%2BiaMOKmYWgkpLRKNOc%2BGqUQszTTinRu%2FYy%2F3zSnokf99zWJ2Hz%2BZjuqlaSqqvk8BkkzgnEXJEU8mza9GfDfbnQiyNDCUR8p%2Fv6EMQ02kn00RXwPpSAXqX0A5W33a0g%2BGAXscXF8WFdUP7PDHHp7lAcmSR25XAKuLJQAaIDno9jV5cdYvJurHx1%2BjWUuFoi2EotU92T7ircWUiMn5vfOv6NFBnmMzrRwB1xWKtKg%2Fgqqt44K3sdRmGjId0c0Epe%2BevDvDBCKL6bithDJk88mNPsdwu0NF4g5Mjp%2Fyto
2024-11-29,声生不息全员合唱好歌献给你,综艺 124385,https://tophub.today/l?e=c036yJuZTsirDJOHzTvCVZf1jutVeaBD%2BxLJ9sfMRE4CQOyeRHso6iBD1zJu5oOkUrO5%2F3TDCh4vO5s4Wp8fYzqs%2F8Hw6mzJHRd6fsAZSegEhs%2F9oqcRrq7ZfywHqyoNxMuHmOMkq13BrBDfdJZkLMkt3ZsNtag8a9Zg86Ik%2FuGJBai7TGI09NCwbfPitsUFJHZ9uCqj0HST%2B0lTiL9G6ztlphTAGjGnVRcLqPDF4nWEW8%2FKcd1j01%2F%2FnlE1LXKEwMeHWyYyT8EDvLUbfoA5kG3JQh6BwvlJ7zjshoTebFoj63S8wWQGStvJmbhlxxPI5zigTzz04tNW%2FxS6fVaOywWf0qQb0pQ8RLOsw6E%2Bn3gn1N7Sr0kzdfxGMsT0mBAD3X6470xEAoY
2024-11-29,胖东来调改永辉超市25天改了啥,25.0万,https://tophub.today/l?e=aab9OH%2BVBUj2GnCNtnFjgPXSToxpC1KXCSJzz5lvGXEM70NJD%2FGaDF%2B8EZNdksIboYuNIP4Is7hcu6m%2FXIFsZ6SBTOPiNJ9%2BYHSKQOhuXaiibDfygbw2GznQGpFjwtdx3aaMV%2BcHdoe%2FTeI6u9TnugzBGiqF06xzO%2BsJgtMIZH0KA58e1vZjp9JYZa1bo38ycbRKotJEmmt3hS%2F5zXNfwtdkGDnxH%2FuEd1mRyefCkHgTm8BMCp0sFr%2FjJU4BsOqWHb1iAKBDf41NONRKi%2BAs8iRfsJVWGWFF8Qmb7eh8tw4yCdfuc96bwESkWNE17LPQW3svgrGSnXK8TO1sTMaIla4kpUzWos9PwwC4OFUXn0F8MX9ZxxMAG6N16T%2B9aRn0ai2%2F%2Fplas%2Fbk5A
